session_id,event_name,timestamp,cohort
SYN-S0001,landing_session,2026-08-01T09:00:00,August synthetic sessions
SYN-S0002,landing_session,2026-08-01T09:00:00,August synthetic sessions
SYN-S0003,landing_session,2026-08-01T09:00:00,August synthetic sessions
SYN-S0004,landing_session,2026-08-01T09:00:00,August synthetic sessions
SYN-S0005,landing_session,2026-08-01T09:00:00,August synthetic sessions
SYN-S0006,landing_session,2026-08-01T09:00:00,August synthetic sessions
SYN-S0007,landing_session,2026-08-01T09:00:00,August synthetic sessions
SYN-S0008,landing_session,2026-08-01T09:00:00,August synthetic sessions
SYN-S0009,landing_session,2026-08-01T09:00:00,August synthetic sessions
SYN-S0010,landing_session,2026-08-01T09:00:00,August synthetic sessions
SYN-S0011,landing_session,2026-08-01T09:00:00,August synthetic sessions
SYN-S0012,landing_session,2026-08-01T09:00:00,August synthetic sessions
SYN-S0013,landing_session,2026-08-01T09:00:00,August synthetic sessions
SYN-S0014,landing_session,2026-08-01T09:00:00,August synthetic sessions
SYN-S0015,landing_session,2026-08-01T09:00:00,August synthetic sessions
SYN-S0016,landing_session,2026-08-01T09:00:00,August synthetic sessions
SYN-S0017,landing_session,2026-08-01T09:00:00,August synthetic sessions
SYN-S0018,landing_session,2026-08-01T09:00:00,August synthetic sessions
SYN-S0019,landing_session,2026-08-01T09:00:00,August synthetic sessions
SYN-S0020,landing_session,2026-08-01T09:00:00,August synthetic sessions
SYN-S0021,landing_session,2026-08-01T09:00:00,August synthetic sessions
SYN-S0022,landing_session,2026-08-01T09:00:00,August synthetic sessions
SYN-S0023,landing_session,2026-08-01T09:00:00,August synthetic sessions
SYN-S0024,landing_session,2026-08-01T09:00:00,August synthetic sessions
SYN-S0025,landing_session,2026-08-01T09:00:00,August synthetic sessions
SYN-S0026,landing_session,2026-08-01T09:00:00,August synthetic sessions
SYN-S0027,landing_session,2026-08-01T09:00:00,August synthetic sessions
SYN-S0028,landing_session,2026-08-01T09:00:00,August synthetic sessions
SYN-S0029,landing_session,2026-08-01T09:00:00,August synthetic sessions
SYN-S0030,landing_session,2026-08-01T09:00:00,August synthetic sessions
SYN-S0031,landing_session,2026-08-01T09:00:00,August synthetic sessions
SYN-S0032,landing_session,2026-08-01T09:00:00,August synthetic sessions
SYN-S0033,landing_session,2026-08-01T09:00:00,August synthetic sessions
SYN-S0034,landing_session,2026-08-01T09:00:00,August synthetic sessions
SYN-S0035,landing_session,2026-08-01T09:00:00,August synthetic sessions
SYN-S0036,landing_session,2026-08-01T09:00:00,August synthetic sessions
SYN-S0037,landing_session,2026-08-01T09:00:00,August synthetic sessions
SYN-S0038,landing_session,2026-08-01T09:00:00,August synthetic sessions
SYN-S0039,landing_session,2026-08-01T09:00:00,August synthetic sessions
SYN-S0040,landing_session,2026-08-01T09:00:00,August synthetic sessions
SYN-S0041,landing_session,2026-08-01T09:00:00,August synthetic sessions
SYN-S0042,landing_session,2026-08-01T09:00:00,August synthetic sessions
SYN-S0043,landing_session,2026-08-01T09:00:00,August synthetic sessions
SYN-S0044,landing_session,2026-08-01T09:00:00,August synthetic sessions
SYN-S0045,landing_session,2026-08-01T09:00:00,August synthetic sessions
SYN-S0046,landing_session,2026-08-01T09:00:00,August synthetic sessions
SYN-S0047,landing_session,2026-08-01T09:00:00,August synthetic sessions
SYN-S0048,landing_session,2026-08-01T09:00:00,August synthetic sessions
SYN-S0049,landing_session,2026-08-01T09:00:00,August synthetic sessions
SYN-S0050,landing_session,2026-08-01T09:00:00,August synthetic sessions
SYN-S0051,landing_session,2026-08-01T09:00:00,August synthetic sessions
SYN-S0052,landing_session,2026-08-01T09:00:00,August synthetic sessions
SYN-S0053,landing_session,2026-08-01T09:00:00,August synthetic sessions
SYN-S0054,landing_session,2026-08-01T09:00:00,August synthetic sessions
SYN-S0055,landing_session,2026-08-01T09:00:00,August synthetic sessions
SYN-S0056,landing_session,2026-08-01T09:00:00,August synthetic sessions
SYN-S0057,landing_session,2026-08-01T09:00:00,August synthetic sessions
SYN-S0058,landing_session,2026-08-01T09:00:00,August synthetic sessions
SYN-S0059,landing_session,2026-08-01T09:00:00,August synthetic sessions
SYN-S0060,landing_session,2026-08-01T09:00:00,August synthetic sessions
SYN-S0061,landing_session,2026-08-01T09:00:00,August synthetic sessions
SYN-S0062,landing_session,2026-08-01T09:00:00,August synthetic sessions
SYN-S0063,landing_session,2026-08-01T09:00:00,August synthetic sessions
SYN-S0064,landing_session,2026-08-01T09:00:00,August synthetic sessions
SYN-S0065,landing_session,2026-08-01T09:00:00,August synthetic sessions
SYN-S0066,landing_session,2026-08-01T09:00:00,August synthetic sessions
SYN-S0067,landing_session,2026-08-01T09:00:00,August synthetic sessions
SYN-S0068,landing_session,2026-08-01T09:00:00,August synthetic sessions
SYN-S0069,landing_session,2026-08-01T09:00:00,August synthetic sessions
SYN-S0070,landing_session,2026-08-01T09:00:00,August synthetic sessions
SYN-S0071,landing_session,2026-08-01T09:00:00,August synthetic sessions
SYN-S0072,landing_session,2026-08-01T09:00:00,August synthetic sessions
SYN-S0073,landing_session,2026-08-01T09:00:00,August synthetic sessions
SYN-S0074,landing_session,2026-08-01T09:00:00,August synthetic sessions
SYN-S0075,landing_session,2026-08-01T09:00:00,August synthetic sessions
SYN-S0076,landing_session,2026-08-01T09:00:00,August synthetic sessions
SYN-S0077,landing_session,2026-08-01T09:00:00,August synthetic sessions
SYN-S0078,landing_session,2026-08-01T09:00:00,August synthetic sessions
SYN-S0079,landing_session,2026-08-01T09:00:00,August synthetic sessions
SYN-S0080,landing_session,2026-08-01T09:00:00,August synthetic sessions
SYN-S0081,landing_session,2026-08-01T09:00:00,August synthetic sessions
SYN-S0082,landing_session,2026-08-01T09:00:00,August synthetic sessions
SYN-S0083,landing_session,2026-08-01T09:00:00,August synthetic sessions
SYN-S0084,landing_session,2026-08-01T09:00:00,August synthetic sessions
SYN-S0085,landing_session,2026-08-01T09:00:00,August synthetic sessions
SYN-S0086,landing_session,2026-08-01T09:00:00,August synthetic sessions
SYN-S0087,landing_session,2026-08-01T09:00:00,August synthetic sessions
SYN-S0088,landing_session,2026-08-01T09:00:00,August synthetic sessions
SYN-S0089,landing_session,2026-08-01T09:00:00,August synthetic sessions
SYN-S0090,landing_session,2026-08-01T09:00:00,August synthetic sessions
SYN-S0091,landing_session,2026-08-01T09:00:00,August synthetic sessions
SYN-S0092,landing_session,2026-08-01T09:00:00,August synthetic sessions
SYN-S0093,landing_session,2026-08-01T09:00:00,August synthetic sessions
SYN-S0094,landing_session,2026-08-01T09:00:00,August synthetic sessions
SYN-S0095,landing_session,2026-08-01T09:00:00,August synthetic sessions
SYN-S0096,landing_session,2026-08-01T09:00:00,August synthetic sessions
SYN-S0097,landing_session,2026-08-01T09:00:00,August synthetic sessions
SYN-S0098,landing_session,2026-08-01T09:00:00,August synthetic sessions
SYN-S0099,landing_session,2026-08-01T09:00:00,August synthetic sessions
SYN-S0100,landing_session,2026-08-01T09:00:00,August synthetic sessions
SYN-S0101,landing_session,2026-08-01T09:00:00,August synthetic sessions
SYN-S0102,landing_session,2026-08-01T09:00:00,August synthetic sessions
SYN-S0103,landing_session,2026-08-01T09:00:00,August synthetic sessions
SYN-S0104,landing_session,2026-08-01T09:00:00,August synthetic sessions
SYN-S0105,landing_session,2026-08-01T09:00:00,August synthetic sessions
SYN-S0106,landing_session,2026-08-01T09:00:00,August synthetic sessions
SYN-S0107,landing_session,2026-08-01T09:00:00,August synthetic sessions
SYN-S0108,landing_session,2026-08-01T09:00:00,August synthetic sessions
SYN-S0109,landing_session,2026-08-01T09:00:00,August synthetic sessions
SYN-S0110,landing_session,2026-08-01T09:00:00,August synthetic sessions
SYN-S0111,landing_session,2026-08-01T09:00:00,August synthetic sessions
SYN-S0112,landing_session,2026-08-01T09:00:00,August synthetic sessions
SYN-S0113,landing_session,2026-08-01T09:00:00,August synthetic sessions
SYN-S0114,landing_session,2026-08-01T09:00:00,August synthetic sessions
SYN-S0115,landing_session,2026-08-01T09:00:00,August synthetic sessions
SYN-S0116,landing_session,2026-08-01T09:00:00,August synthetic sessions
SYN-S0117,landing_session,2026-08-01T09:00:00,August synthetic sessions
SYN-S0118,landing_session,2026-08-01T09:00:00,August synthetic sessions
SYN-S0119,landing_session,2026-08-01T09:00:00,August synthetic sessions
SYN-S0120,landing_session,2026-08-01T09:00:00,August synthetic sessions
SYN-S0121,landing_session,2026-08-01T09:00:00,August synthetic sessions
SYN-S0122,landing_session,2026-08-01T09:00:00,August synthetic sessions
SYN-S0123,landing_session,2026-08-01T09:00:00,August synthetic sessions
SYN-S0124,landing_session,2026-08-01T09:00:00,August synthetic sessions
SYN-S0125,landing_session,2026-08-01T09:00:00,August synthetic sessions
SYN-S0126,landing_session,2026-08-01T09:00:00,August synthetic sessions
SYN-S0127,landing_session,2026-08-01T09:00:00,August synthetic sessions
SYN-S0128,landing_session,2026-08-01T09:00:00,August synthetic sessions
SYN-S0129,landing_session,2026-08-01T09:00:00,August synthetic sessions
SYN-S0130,landing_session,2026-08-01T09:00:00,August synthetic sessions
SYN-S0131,landing_session,2026-08-01T09:00:00,August synthetic sessions
SYN-S0132,landing_session,2026-08-01T09:00:00,August synthetic sessions
SYN-S0133,landing_session,2026-08-01T09:00:00,August synthetic sessions
SYN-S0134,landing_session,2026-08-01T09:00:00,August synthetic sessions
SYN-S0135,landing_session,2026-08-01T09:00:00,August synthetic sessions
SYN-S0136,landing_session,2026-08-01T09:00:00,August synthetic sessions
SYN-S0137,landing_session,2026-08-01T09:00:00,August synthetic sessions
SYN-S0138,landing_session,2026-08-01T09:00:00,August synthetic sessions
SYN-S0139,landing_session,2026-08-01T09:00:00,August synthetic sessions
SYN-S0140,landing_session,2026-08-01T09:00:00,August synthetic sessions
SYN-S0141,landing_session,2026-08-01T09:00:00,August synthetic sessions
SYN-S0142,landing_session,2026-08-01T09:00:00,August synthetic sessions
SYN-S0143,landing_session,2026-08-01T09:00:00,August synthetic sessions
SYN-S0144,landing_session,2026-08-01T09:00:00,August synthetic sessions
SYN-S0145,landing_session,2026-08-01T09:00:00,August synthetic sessions
SYN-S0146,landing_session,2026-08-01T09:00:00,August synthetic sessions
SYN-S0147,landing_session,2026-08-01T09:00:00,August synthetic sessions
SYN-S0148,landing_session,2026-08-01T09:00:00,August synthetic sessions
SYN-S0149,landing_session,2026-08-01T09:00:00,August synthetic sessions
SYN-S0150,landing_session,2026-08-01T09:00:00,August synthetic sessions
SYN-S0151,landing_session,2026-08-01T09:00:00,August synthetic sessions
SYN-S0152,landing_session,2026-08-01T09:00:00,August synthetic sessions
SYN-S0153,landing_session,2026-08-01T09:00:00,August synthetic sessions
SYN-S0154,landing_session,2026-08-01T09:00:00,August synthetic sessions
SYN-S0155,landing_session,2026-08-01T09:00:00,August synthetic sessions
SYN-S0156,landing_session,2026-08-01T09:00:00,August synthetic sessions
SYN-S0157,landing_session,2026-08-01T09:00:00,August synthetic sessions
SYN-S0158,landing_session,2026-08-01T09:00:00,August synthetic sessions
SYN-S0159,landing_session,2026-08-01T09:00:00,August synthetic sessions
SYN-S0160,landing_session,2026-08-01T09:00:00,August synthetic sessions
SYN-S0161,landing_session,2026-08-01T09:00:00,August synthetic sessions
SYN-S0162,landing_session,2026-08-01T09:00:00,August synthetic sessions
SYN-S0163,landing_session,2026-08-01T09:00:00,August synthetic sessions
SYN-S0164,landing_session,2026-08-01T09:00:00,August synthetic sessions
SYN-S0165,landing_session,2026-08-01T09:00:00,August synthetic sessions
SYN-S0166,landing_session,2026-08-01T09:00:00,August synthetic sessions
SYN-S0167,landing_session,2026-08-01T09:00:00,August synthetic sessions
SYN-S0168,landing_session,2026-08-01T09:00:00,August synthetic sessions
SYN-S0169,landing_session,2026-08-01T09:00:00,August synthetic sessions
SYN-S0170,landing_session,2026-08-01T09:00:00,August synthetic sessions
SYN-S0171,landing_session,2026-08-01T09:00:00,August synthetic sessions
SYN-S0172,landing_session,2026-08-01T09:00:00,August synthetic sessions
SYN-S0173,landing_session,2026-08-01T09:00:00,August synthetic sessions
SYN-S0174,landing_session,2026-08-01T09:00:00,August synthetic sessions
SYN-S0175,landing_session,2026-08-01T09:00:00,August synthetic sessions
SYN-S0176,landing_session,2026-08-01T09:00:00,August synthetic sessions
SYN-S0177,landing_session,2026-08-01T09:00:00,August synthetic sessions
SYN-S0178,landing_session,2026-08-01T09:00:00,August synthetic sessions
SYN-S0179,landing_session,2026-08-01T09:00:00,August synthetic sessions
SYN-S0180,landing_session,2026-08-01T09:00:00,August synthetic sessions
SYN-S0181,landing_session,2026-08-01T09:00:00,August synthetic sessions
SYN-S0182,landing_session,2026-08-01T09:00:00,August synthetic sessions
SYN-S0183,landing_session,2026-08-01T09:00:00,August synthetic sessions
SYN-S0184,landing_session,2026-08-01T09:00:00,August synthetic sessions
SYN-S0185,landing_session,2026-08-01T09:00:00,August synthetic sessions
SYN-S0186,landing_session,2026-08-01T09:00:00,August synthetic sessions
SYN-S0187,landing_session,2026-08-01T09:00:00,August synthetic sessions
SYN-S0188,landing_session,2026-08-01T09:00:00,August synthetic sessions
SYN-S0189,landing_session,2026-08-01T09:00:00,August synthetic sessions
SYN-S0190,landing_session,2026-08-01T09:00:00,August synthetic sessions
SYN-S0191,landing_session,2026-08-01T09:00:00,August synthetic sessions
SYN-S0192,landing_session,2026-08-01T09:00:00,August synthetic sessions
SYN-S0193,landing_session,2026-08-01T09:00:00,August synthetic sessions
SYN-S0194,landing_session,2026-08-01T09:00:00,August synthetic sessions
SYN-S0195,landing_session,2026-08-01T09:00:00,August synthetic sessions
SYN-S0196,landing_session,2026-08-01T09:00:00,August synthetic sessions
SYN-S0197,landing_session,2026-08-01T09:00:00,August synthetic sessions
SYN-S0198,landing_session,2026-08-01T09:00:00,August synthetic sessions
SYN-S0199,landing_session,2026-08-01T09:00:00,August synthetic sessions
SYN-S0200,landing_session,2026-08-01T09:00:00,August synthetic sessions
SYN-S0201,landing_session,2026-08-01T09:00:00,August synthetic sessions
SYN-S0202,landing_session,2026-08-01T09:00:00,August synthetic sessions
SYN-S0203,landing_session,2026-08-01T09:00:00,August synthetic sessions
SYN-S0204,landing_session,2026-08-01T09:00:00,August synthetic sessions
SYN-S0205,landing_session,2026-08-01T09:00:00,August synthetic sessions
SYN-S0206,landing_session,2026-08-01T09:00:00,August synthetic sessions
SYN-S0207,landing_session,2026-08-01T09:00:00,August synthetic sessions
SYN-S0208,landing_session,2026-08-01T09:00:00,August synthetic sessions
SYN-S0209,landing_session,2026-08-01T09:00:00,August synthetic sessions
SYN-S0210,landing_session,2026-08-01T09:00:00,August synthetic sessions
SYN-S0211,landing_session,2026-08-01T09:00:00,August synthetic sessions
SYN-S0212,landing_session,2026-08-01T09:00:00,August synthetic sessions
SYN-S0213,landing_session,2026-08-01T09:00:00,August synthetic sessions
SYN-S0214,landing_session,2026-08-01T09:00:00,August synthetic sessions
SYN-S0215,landing_session,2026-08-01T09:00:00,August synthetic sessions
SYN-S0216,landing_session,2026-08-01T09:00:00,August synthetic sessions
SYN-S0217,landing_session,2026-08-01T09:00:00,August synthetic sessions
SYN-S0218,landing_session,2026-08-01T09:00:00,August synthetic sessions
SYN-S0219,landing_session,2026-08-01T09:00:00,August synthetic sessions
SYN-S0220,landing_session,2026-08-01T09:00:00,August synthetic sessions
SYN-S0221,landing_session,2026-08-01T09:00:00,August synthetic sessions
SYN-S0222,landing_session,2026-08-01T09:00:00,August synthetic sessions
SYN-S0223,landing_session,2026-08-01T09:00:00,August synthetic sessions
SYN-S0224,landing_session,2026-08-01T09:00:00,August synthetic sessions
SYN-S0225,landing_session,2026-08-01T09:00:00,August synthetic sessions
SYN-S0226,landing_session,2026-08-01T09:00:00,August synthetic sessions
SYN-S0227,landing_session,2026-08-01T09:00:00,August synthetic sessions
SYN-S0228,landing_session,2026-08-01T09:00:00,August synthetic sessions
SYN-S0229,landing_session,2026-08-01T09:00:00,August synthetic sessions
SYN-S0230,landing_session,2026-08-01T09:00:00,August synthetic sessions
SYN-S0231,landing_session,2026-08-01T09:00:00,August synthetic sessions
SYN-S0232,landing_session,2026-08-01T09:00:00,August synthetic sessions
SYN-S0233,landing_session,2026-08-01T09:00:00,August synthetic sessions
SYN-S0234,landing_session,2026-08-01T09:00:00,August synthetic sessions
SYN-S0235,landing_session,2026-08-01T09:00:00,August synthetic sessions
SYN-S0236,landing_session,2026-08-01T09:00:00,August synthetic sessions
SYN-S0237,landing_session,2026-08-01T09:00:00,August synthetic sessions
SYN-S0238,landing_session,2026-08-01T09:00:00,August synthetic sessions
SYN-S0239,landing_session,2026-08-01T09:00:00,August synthetic sessions
SYN-S0240,landing_session,2026-08-01T09:00:00,August synthetic sessions
SYN-S0241,landing_session,2026-08-01T09:00:00,August synthetic sessions
SYN-S0242,landing_session,2026-08-01T09:00:00,August synthetic sessions
SYN-S0243,landing_session,2026-08-01T09:00:00,August synthetic sessions
SYN-S0244,landing_session,2026-08-01T09:00:00,August synthetic sessions
SYN-S0245,landing_session,2026-08-01T09:00:00,August synthetic sessions
SYN-S0246,landing_session,2026-08-01T09:00:00,August synthetic sessions
SYN-S0247,landing_session,2026-08-01T09:00:00,August synthetic sessions
SYN-S0248,landing_session,2026-08-01T09:00:00,August synthetic sessions
SYN-S0249,landing_session,2026-08-01T09:00:00,August synthetic sessions
SYN-S0250,landing_session,2026-08-01T09:00:00,August synthetic sessions
SYN-S0251,landing_session,2026-08-01T09:00:00,August synthetic sessions
SYN-S0252,landing_session,2026-08-01T09:00:00,August synthetic sessions
SYN-S0253,landing_session,2026-08-01T09:00:00,August synthetic sessions
SYN-S0254,landing_session,2026-08-01T09:00:00,August synthetic sessions
SYN-S0255,landing_session,2026-08-01T09:00:00,August synthetic sessions
SYN-S0256,landing_session,2026-08-01T09:00:00,August synthetic sessions
SYN-S0257,landing_session,2026-08-01T09:00:00,August synthetic sessions
SYN-S0258,landing_session,2026-08-01T09:00:00,August synthetic sessions
SYN-S0259,landing_session,2026-08-01T09:00:00,August synthetic sessions
SYN-S0260,landing_session,2026-08-01T09:00:00,August synthetic sessions
SYN-S0261,landing_session,2026-08-01T09:00:00,August synthetic sessions
SYN-S0262,landing_session,2026-08-01T09:00:00,August synthetic sessions
SYN-S0263,landing_session,2026-08-01T09:00:00,August synthetic sessions
SYN-S0264,landing_session,2026-08-01T09:00:00,August synthetic sessions
SYN-S0265,landing_session,2026-08-01T09:00:00,August synthetic sessions
SYN-S0266,landing_session,2026-08-01T09:00:00,August synthetic sessions
SYN-S0267,landing_session,2026-08-01T09:00:00,August synthetic sessions
SYN-S0268,landing_session,2026-08-01T09:00:00,August synthetic sessions
SYN-S0269,landing_session,2026-08-01T09:00:00,August synthetic sessions
SYN-S0270,landing_session,2026-08-01T09:00:00,August synthetic sessions
SYN-S0271,landing_session,2026-08-01T09:00:00,August synthetic sessions
SYN-S0272,landing_session,2026-08-01T09:00:00,August synthetic sessions
SYN-S0273,landing_session,2026-08-01T09:00:00,August synthetic sessions
SYN-S0274,landing_session,2026-08-01T09:00:00,August synthetic sessions
SYN-S0275,landing_session,2026-08-01T09:00:00,August synthetic sessions
SYN-S0276,landing_session,2026-08-01T09:00:00,August synthetic sessions
SYN-S0277,landing_session,2026-08-01T09:00:00,August synthetic sessions
SYN-S0278,landing_session,2026-08-01T09:00:00,August synthetic sessions
SYN-S0279,landing_session,2026-08-01T09:00:00,August synthetic sessions
SYN-S0280,landing_session,2026-08-01T09:00:00,August synthetic sessions
SYN-S0281,landing_session,2026-08-01T09:00:00,August synthetic sessions
SYN-S0282,landing_session,2026-08-01T09:00:00,August synthetic sessions
SYN-S0283,landing_session,2026-08-01T09:00:00,August synthetic sessions
SYN-S0284,landing_session,2026-08-01T09:00:00,August synthetic sessions
SYN-S0285,landing_session,2026-08-01T09:00:00,August synthetic sessions
SYN-S0286,landing_session,2026-08-01T09:00:00,August synthetic sessions
SYN-S0287,landing_session,2026-08-01T09:00:00,August synthetic sessions
SYN-S0288,landing_session,2026-08-01T09:00:00,August synthetic sessions
SYN-S0289,landing_session,2026-08-01T09:00:00,August synthetic sessions
SYN-S0290,landing_session,2026-08-01T09:00:00,August synthetic sessions
SYN-S0291,landing_session,2026-08-01T09:00:00,August synthetic sessions
SYN-S0292,landing_session,2026-08-01T09:00:00,August synthetic sessions
SYN-S0293,landing_session,2026-08-01T09:00:00,August synthetic sessions
SYN-S0294,landing_session,2026-08-01T09:00:00,August synthetic sessions
SYN-S0295,landing_session,2026-08-01T09:00:00,August synthetic sessions
SYN-S0296,landing_session,2026-08-01T09:00:00,August synthetic sessions
SYN-S0297,landing_session,2026-08-01T09:00:00,August synthetic sessions
SYN-S0298,landing_session,2026-08-01T09:00:00,August synthetic sessions
SYN-S0299,landing_session,2026-08-01T09:00:00,August synthetic sessions
SYN-S0300,landing_session,2026-08-01T09:00:00,August synthetic sessions
SYN-S0301,landing_session,2026-08-01T09:00:00,August synthetic sessions
SYN-S0302,landing_session,2026-08-01T09:00:00,August synthetic sessions
SYN-S0303,landing_session,2026-08-01T09:00:00,August synthetic sessions
SYN-S0304,landing_session,2026-08-01T09:00:00,August synthetic sessions
SYN-S0305,landing_session,2026-08-01T09:00:00,August synthetic sessions
SYN-S0306,landing_session,2026-08-01T09:00:00,August synthetic sessions
SYN-S0307,landing_session,2026-08-01T09:00:00,August synthetic sessions
SYN-S0308,landing_session,2026-08-01T09:00:00,August synthetic sessions
SYN-S0309,landing_session,2026-08-01T09:00:00,August synthetic sessions
SYN-S0310,landing_session,2026-08-01T09:00:00,August synthetic sessions
SYN-S0311,landing_session,2026-08-01T09:00:00,August synthetic sessions
SYN-S0312,landing_session,2026-08-01T09:00:00,August synthetic sessions
SYN-S0313,landing_session,2026-08-01T09:00:00,August synthetic sessions
SYN-S0314,landing_session,2026-08-01T09:00:00,August synthetic sessions
SYN-S0315,landing_session,2026-08-01T09:00:00,August synthetic sessions
SYN-S0316,landing_session,2026-08-01T09:00:00,August synthetic sessions
SYN-S0317,landing_session,2026-08-01T09:00:00,August synthetic sessions
SYN-S0318,landing_session,2026-08-01T09:00:00,August synthetic sessions
SYN-S0319,landing_session,2026-08-01T09:00:00,August synthetic sessions
SYN-S0320,landing_session,2026-08-01T09:00:00,August synthetic sessions
SYN-S0321,landing_session,2026-08-01T09:00:00,August synthetic sessions
SYN-S0322,landing_session,2026-08-01T09:00:00,August synthetic sessions
SYN-S0323,landing_session,2026-08-01T09:00:00,August synthetic sessions
SYN-S0324,landing_session,2026-08-01T09:00:00,August synthetic sessions
SYN-S0325,landing_session,2026-08-01T09:00:00,August synthetic sessions
SYN-S0326,landing_session,2026-08-01T09:00:00,August synthetic sessions
SYN-S0327,landing_session,2026-08-01T09:00:00,August synthetic sessions
SYN-S0328,landing_session,2026-08-01T09:00:00,August synthetic sessions
SYN-S0329,landing_session,2026-08-01T09:00:00,August synthetic sessions
SYN-S0330,landing_session,2026-08-01T09:00:00,August synthetic sessions
SYN-S0331,landing_session,2026-08-01T09:00:00,August synthetic sessions
SYN-S0332,landing_session,2026-08-01T09:00:00,August synthetic sessions
SYN-S0333,landing_session,2026-08-01T09:00:00,August synthetic sessions
SYN-S0334,landing_session,2026-08-01T09:00:00,August synthetic sessions
SYN-S0335,landing_session,2026-08-01T09:00:00,August synthetic sessions
SYN-S0336,landing_session,2026-08-01T09:00:00,August synthetic sessions
SYN-S0337,landing_session,2026-08-01T09:00:00,August synthetic sessions
SYN-S0338,landing_session,2026-08-01T09:00:00,August synthetic sessions
SYN-S0339,landing_session,2026-08-01T09:00:00,August synthetic sessions
SYN-S0340,landing_session,2026-08-01T09:00:00,August synthetic sessions
SYN-S0341,landing_session,2026-08-01T09:00:00,August synthetic sessions
SYN-S0342,landing_session,2026-08-01T09:00:00,August synthetic sessions
SYN-S0343,landing_session,2026-08-01T09:00:00,August synthetic sessions
SYN-S0344,landing_session,2026-08-01T09:00:00,August synthetic sessions
SYN-S0345,landing_session,2026-08-01T09:00:00,August synthetic sessions
SYN-S0346,landing_session,2026-08-01T09:00:00,August synthetic sessions
SYN-S0347,landing_session,2026-08-01T09:00:00,August synthetic sessions
SYN-S0348,landing_session,2026-08-01T09:00:00,August synthetic sessions
SYN-S0349,landing_session,2026-08-01T09:00:00,August synthetic sessions
SYN-S0350,landing_session,2026-08-01T09:00:00,August synthetic sessions
SYN-S0351,landing_session,2026-08-01T09:00:00,August synthetic sessions
SYN-S0352,landing_session,2026-08-01T09:00:00,August synthetic sessions
SYN-S0353,landing_session,2026-08-01T09:00:00,August synthetic sessions
SYN-S0354,landing_session,2026-08-01T09:00:00,August synthetic sessions
SYN-S0355,landing_session,2026-08-01T09:00:00,August synthetic sessions
SYN-S0356,landing_session,2026-08-01T09:00:00,August synthetic sessions
SYN-S0357,landing_session,2026-08-01T09:00:00,August synthetic sessions
SYN-S0358,landing_session,2026-08-01T09:00:00,August synthetic sessions
SYN-S0359,landing_session,2026-08-01T09:00:00,August synthetic sessions
SYN-S0360,landing_session,2026-08-01T09:00:00,August synthetic sessions
SYN-S0361,landing_session,2026-08-01T09:00:00,August synthetic sessions
SYN-S0362,landing_session,2026-08-01T09:00:00,August synthetic sessions
SYN-S0363,landing_session,2026-08-01T09:00:00,August synthetic sessions
SYN-S0364,landing_session,2026-08-01T09:00:00,August synthetic sessions
SYN-S0365,landing_session,2026-08-01T09:00:00,August synthetic sessions
SYN-S0366,landing_session,2026-08-01T09:00:00,August synthetic sessions
SYN-S0367,landing_session,2026-08-01T09:00:00,August synthetic sessions
SYN-S0368,landing_session,2026-08-01T09:00:00,August synthetic sessions
SYN-S0369,landing_session,2026-08-01T09:00:00,August synthetic sessions
SYN-S0370,landing_session,2026-08-01T09:00:00,August synthetic sessions
SYN-S0371,landing_session,2026-08-01T09:00:00,August synthetic sessions
SYN-S0372,landing_session,2026-08-01T09:00:00,August synthetic sessions
SYN-S0373,landing_session,2026-08-01T09:00:00,August synthetic sessions
SYN-S0374,landing_session,2026-08-01T09:00:00,August synthetic sessions
SYN-S0375,landing_session,2026-08-01T09:00:00,August synthetic sessions
SYN-S0376,landing_session,2026-08-01T09:00:00,August synthetic sessions
SYN-S0377,landing_session,2026-08-01T09:00:00,August synthetic sessions
SYN-S0378,landing_session,2026-08-01T09:00:00,August synthetic sessions
SYN-S0379,landing_session,2026-08-01T09:00:00,August synthetic sessions
SYN-S0380,landing_session,2026-08-01T09:00:00,August synthetic sessions
SYN-S0381,landing_session,2026-08-01T09:00:00,August synthetic sessions
SYN-S0382,landing_session,2026-08-01T09:00:00,August synthetic sessions
SYN-S0383,landing_session,2026-08-01T09:00:00,August synthetic sessions
SYN-S0384,landing_session,2026-08-01T09:00:00,August synthetic sessions
SYN-S0385,landing_session,2026-08-01T09:00:00,August synthetic sessions
SYN-S0386,landing_session,2026-08-01T09:00:00,August synthetic sessions
SYN-S0387,landing_session,2026-08-01T09:00:00,August synthetic sessions
SYN-S0388,landing_session,2026-08-01T09:00:00,August synthetic sessions
SYN-S0389,landing_session,2026-08-01T09:00:00,August synthetic sessions
SYN-S0390,landing_session,2026-08-01T09:00:00,August synthetic sessions
SYN-S0391,landing_session,2026-08-01T09:00:00,August synthetic sessions
SYN-S0392,landing_session,2026-08-01T09:00:00,August synthetic sessions
SYN-S0393,landing_session,2026-08-01T09:00:00,August synthetic sessions
SYN-S0394,landing_session,2026-08-01T09:00:00,August synthetic sessions
SYN-S0395,landing_session,2026-08-01T09:00:00,August synthetic sessions
SYN-S0396,landing_session,2026-08-01T09:00:00,August synthetic sessions
SYN-S0397,landing_session,2026-08-01T09:00:00,August synthetic sessions
SYN-S0398,landing_session,2026-08-01T09:00:00,August synthetic sessions
SYN-S0399,landing_session,2026-08-01T09:00:00,August synthetic sessions
SYN-S0400,landing_session,2026-08-01T09:00:00,August synthetic sessions
SYN-S0401,landing_session,2026-08-01T09:00:00,August synthetic sessions
SYN-S0402,landing_session,2026-08-01T09:00:00,August synthetic sessions
SYN-S0403,landing_session,2026-08-01T09:00:00,August synthetic sessions
SYN-S0404,landing_session,2026-08-01T09:00:00,August synthetic sessions
SYN-S0405,landing_session,2026-08-01T09:00:00,August synthetic sessions
SYN-S0406,landing_session,2026-08-01T09:00:00,August synthetic sessions
SYN-S0407,landing_session,2026-08-01T09:00:00,August synthetic sessions
SYN-S0408,landing_session,2026-08-01T09:00:00,August synthetic sessions
SYN-S0409,landing_session,2026-08-01T09:00:00,August synthetic sessions
SYN-S0410,landing_session,2026-08-01T09:00:00,August synthetic sessions
SYN-S0411,landing_session,2026-08-01T09:00:00,August synthetic sessions
SYN-S0412,landing_session,2026-08-01T09:00:00,August synthetic sessions
SYN-S0413,landing_session,2026-08-01T09:00:00,August synthetic sessions
SYN-S0414,landing_session,2026-08-01T09:00:00,August synthetic sessions
SYN-S0415,landing_session,2026-08-01T09:00:00,August synthetic sessions
SYN-S0416,landing_session,2026-08-01T09:00:00,August synthetic sessions
SYN-S0417,landing_session,2026-08-01T09:00:00,August synthetic sessions
SYN-S0418,landing_session,2026-08-01T09:00:00,August synthetic sessions
SYN-S0419,landing_session,2026-08-01T09:00:00,August synthetic sessions
SYN-S0420,landing_session,2026-08-01T09:00:00,August synthetic sessions
SYN-S0421,landing_session,2026-08-01T09:00:00,August synthetic sessions
SYN-S0422,landing_session,2026-08-01T09:00:00,August synthetic sessions
SYN-S0423,landing_session,2026-08-01T09:00:00,August synthetic sessions
SYN-S0424,landing_session,2026-08-01T09:00:00,August synthetic sessions
SYN-S0425,landing_session,2026-08-01T09:00:00,August synthetic sessions
SYN-S0426,landing_session,2026-08-01T09:00:00,August synthetic sessions
SYN-S0427,landing_session,2026-08-01T09:00:00,August synthetic sessions
SYN-S0428,landing_session,2026-08-01T09:00:00,August synthetic sessions
SYN-S0429,landing_session,2026-08-01T09:00:00,August synthetic sessions
SYN-S0430,landing_session,2026-08-01T09:00:00,August synthetic sessions
SYN-S0431,landing_session,2026-08-01T09:00:00,August synthetic sessions
SYN-S0432,landing_session,2026-08-01T09:00:00,August synthetic sessions
SYN-S0433,landing_session,2026-08-01T09:00:00,August synthetic sessions
SYN-S0434,landing_session,2026-08-01T09:00:00,August synthetic sessions
SYN-S0435,landing_session,2026-08-01T09:00:00,August synthetic sessions
SYN-S0436,landing_session,2026-08-01T09:00:00,August synthetic sessions
SYN-S0437,landing_session,2026-08-01T09:00:00,August synthetic sessions
SYN-S0438,landing_session,2026-08-01T09:00:00,August synthetic sessions
SYN-S0439,landing_session,2026-08-01T09:00:00,August synthetic sessions
SYN-S0440,landing_session,2026-08-01T09:00:00,August synthetic sessions
SYN-S0441,landing_session,2026-08-01T09:00:00,August synthetic sessions
SYN-S0442,landing_session,2026-08-01T09:00:00,August synthetic sessions
SYN-S0443,landing_session,2026-08-01T09:00:00,August synthetic sessions
SYN-S0444,landing_session,2026-08-01T09:00:00,August synthetic sessions
SYN-S0445,landing_session,2026-08-01T09:00:00,August synthetic sessions
SYN-S0446,landing_session,2026-08-01T09:00:00,August synthetic sessions
SYN-S0447,landing_session,2026-08-01T09:00:00,August synthetic sessions
SYN-S0448,landing_session,2026-08-01T09:00:00,August synthetic sessions
SYN-S0449,landing_session,2026-08-01T09:00:00,August synthetic sessions
SYN-S0450,landing_session,2026-08-01T09:00:00,August synthetic sessions
SYN-S0451,landing_session,2026-08-01T09:00:00,August synthetic sessions
SYN-S0452,landing_session,2026-08-01T09:00:00,August synthetic sessions
SYN-S0453,landing_session,2026-08-01T09:00:00,August synthetic sessions
SYN-S0454,landing_session,2026-08-01T09:00:00,August synthetic sessions
SYN-S0455,landing_session,2026-08-01T09:00:00,August synthetic sessions
SYN-S0456,landing_session,2026-08-01T09:00:00,August synthetic sessions
SYN-S0457,landing_session,2026-08-01T09:00:00,August synthetic sessions
SYN-S0458,landing_session,2026-08-01T09:00:00,August synthetic sessions
SYN-S0459,landing_session,2026-08-01T09:00:00,August synthetic sessions
SYN-S0460,landing_session,2026-08-01T09:00:00,August synthetic sessions
SYN-S0461,landing_session,2026-08-01T09:00:00,August synthetic sessions
SYN-S0462,landing_session,2026-08-01T09:00:00,August synthetic sessions
SYN-S0463,landing_session,2026-08-01T09:00:00,August synthetic sessions
SYN-S0464,landing_session,2026-08-01T09:00:00,August synthetic sessions
SYN-S0465,landing_session,2026-08-01T09:00:00,August synthetic sessions
SYN-S0466,landing_session,2026-08-01T09:00:00,August synthetic sessions
SYN-S0467,landing_session,2026-08-01T09:00:00,August synthetic sessions
SYN-S0468,landing_session,2026-08-01T09:00:00,August synthetic sessions
SYN-S0469,landing_session,2026-08-01T09:00:00,August synthetic sessions
SYN-S0470,landing_session,2026-08-01T09:00:00,August synthetic sessions
SYN-S0471,landing_session,2026-08-01T09:00:00,August synthetic sessions
SYN-S0472,landing_session,2026-08-01T09:00:00,August synthetic sessions
SYN-S0473,landing_session,2026-08-01T09:00:00,August synthetic sessions
SYN-S0474,landing_session,2026-08-01T09:00:00,August synthetic sessions
SYN-S0475,landing_session,2026-08-01T09:00:00,August synthetic sessions
SYN-S0476,landing_session,2026-08-01T09:00:00,August synthetic sessions
SYN-S0477,landing_session,2026-08-01T09:00:00,August synthetic sessions
SYN-S0478,landing_session,2026-08-01T09:00:00,August synthetic sessions
SYN-S0479,landing_session,2026-08-01T09:00:00,August synthetic sessions
SYN-S0480,landing_session,2026-08-01T09:00:00,August synthetic sessions
SYN-S0481,landing_session,2026-08-01T09:00:00,August synthetic sessions
SYN-S0482,landing_session,2026-08-01T09:00:00,August synthetic sessions
SYN-S0483,landing_session,2026-08-01T09:00:00,August synthetic sessions
SYN-S0484,landing_session,2026-08-01T09:00:00,August synthetic sessions
SYN-S0485,landing_session,2026-08-01T09:00:00,August synthetic sessions
SYN-S0486,landing_session,2026-08-01T09:00:00,August synthetic sessions
SYN-S0487,landing_session,2026-08-01T09:00:00,August synthetic sessions
SYN-S0488,landing_session,2026-08-01T09:00:00,August synthetic sessions
SYN-S0489,landing_session,2026-08-01T09:00:00,August synthetic sessions
SYN-S0490,landing_session,2026-08-01T09:00:00,August synthetic sessions
SYN-S0491,landing_session,2026-08-01T09:00:00,August synthetic sessions
SYN-S0492,landing_session,2026-08-01T09:00:00,August synthetic sessions
SYN-S0493,landing_session,2026-08-01T09:00:00,August synthetic sessions
SYN-S0494,landing_session,2026-08-01T09:00:00,August synthetic sessions
SYN-S0495,landing_session,2026-08-01T09:00:00,August synthetic sessions
SYN-S0496,landing_session,2026-08-01T09:00:00,August synthetic sessions
SYN-S0497,landing_session,2026-08-01T09:00:00,August synthetic sessions
SYN-S0498,landing_session,2026-08-01T09:00:00,August synthetic sessions
SYN-S0499,landing_session,2026-08-01T09:00:00,August synthetic sessions
SYN-S0500,landing_session,2026-08-01T09:00:00,August synthetic sessions
SYN-S0501,landing_session,2026-08-01T09:00:00,August synthetic sessions
SYN-S0502,landing_session,2026-08-01T09:00:00,August synthetic sessions
SYN-S0503,landing_session,2026-08-01T09:00:00,August synthetic sessions
SYN-S0504,landing_session,2026-08-01T09:00:00,August synthetic sessions
SYN-S0505,landing_session,2026-08-01T09:00:00,August synthetic sessions
SYN-S0506,landing_session,2026-08-01T09:00:00,August synthetic sessions
SYN-S0507,landing_session,2026-08-01T09:00:00,August synthetic sessions
SYN-S0508,landing_session,2026-08-01T09:00:00,August synthetic sessions
SYN-S0509,landing_session,2026-08-01T09:00:00,August synthetic sessions
SYN-S0510,landing_session,2026-08-01T09:00:00,August synthetic sessions
SYN-S0511,landing_session,2026-08-01T09:00:00,August synthetic sessions
SYN-S0512,landing_session,2026-08-01T09:00:00,August synthetic sessions
SYN-S0513,landing_session,2026-08-01T09:00:00,August synthetic sessions
SYN-S0514,landing_session,2026-08-01T09:00:00,August synthetic sessions
SYN-S0515,landing_session,2026-08-01T09:00:00,August synthetic sessions
SYN-S0516,landing_session,2026-08-01T09:00:00,August synthetic sessions
SYN-S0517,landing_session,2026-08-01T09:00:00,August synthetic sessions
SYN-S0518,landing_session,2026-08-01T09:00:00,August synthetic sessions
SYN-S0519,landing_session,2026-08-01T09:00:00,August synthetic sessions
SYN-S0520,landing_session,2026-08-01T09:00:00,August synthetic sessions
SYN-S0521,landing_session,2026-08-01T09:00:00,August synthetic sessions
SYN-S0522,landing_session,2026-08-01T09:00:00,August synthetic sessions
SYN-S0523,landing_session,2026-08-01T09:00:00,August synthetic sessions
SYN-S0524,landing_session,2026-08-01T09:00:00,August synthetic sessions
SYN-S0525,landing_session,2026-08-01T09:00:00,August synthetic sessions
SYN-S0526,landing_session,2026-08-01T09:00:00,August synthetic sessions
SYN-S0527,landing_session,2026-08-01T09:00:00,August synthetic sessions
SYN-S0528,landing_session,2026-08-01T09:00:00,August synthetic sessions
SYN-S0529,landing_session,2026-08-01T09:00:00,August synthetic sessions
SYN-S0530,landing_session,2026-08-01T09:00:00,August synthetic sessions
SYN-S0531,landing_session,2026-08-01T09:00:00,August synthetic sessions
SYN-S0532,landing_session,2026-08-01T09:00:00,August synthetic sessions
SYN-S0533,landing_session,2026-08-01T09:00:00,August synthetic sessions
SYN-S0534,landing_session,2026-08-01T09:00:00,August synthetic sessions
SYN-S0535,landing_session,2026-08-01T09:00:00,August synthetic sessions
SYN-S0536,landing_session,2026-08-01T09:00:00,August synthetic sessions
SYN-S0537,landing_session,2026-08-01T09:00:00,August synthetic sessions
SYN-S0538,landing_session,2026-08-01T09:00:00,August synthetic sessions
SYN-S0539,landing_session,2026-08-01T09:00:00,August synthetic sessions
SYN-S0540,landing_session,2026-08-01T09:00:00,August synthetic sessions
SYN-S0541,landing_session,2026-08-01T09:00:00,August synthetic sessions
SYN-S0542,landing_session,2026-08-01T09:00:00,August synthetic sessions
SYN-S0543,landing_session,2026-08-01T09:00:00,August synthetic sessions
SYN-S0544,landing_session,2026-08-01T09:00:00,August synthetic sessions
SYN-S0545,landing_session,2026-08-01T09:00:00,August synthetic sessions
SYN-S0546,landing_session,2026-08-01T09:00:00,August synthetic sessions
SYN-S0547,landing_session,2026-08-01T09:00:00,August synthetic sessions
SYN-S0548,landing_session,2026-08-01T09:00:00,August synthetic sessions
SYN-S0549,landing_session,2026-08-01T09:00:00,August synthetic sessions
SYN-S0550,landing_session,2026-08-01T09:00:00,August synthetic sessions
SYN-S0551,landing_session,2026-08-01T09:00:00,August synthetic sessions
SYN-S0552,landing_session,2026-08-01T09:00:00,August synthetic sessions
SYN-S0553,landing_session,2026-08-01T09:00:00,August synthetic sessions
SYN-S0554,landing_session,2026-08-01T09:00:00,August synthetic sessions
SYN-S0555,landing_session,2026-08-01T09:00:00,August synthetic sessions
SYN-S0556,landing_session,2026-08-01T09:00:00,August synthetic sessions
SYN-S0557,landing_session,2026-08-01T09:00:00,August synthetic sessions
SYN-S0558,landing_session,2026-08-01T09:00:00,August synthetic sessions
SYN-S0559,landing_session,2026-08-01T09:00:00,August synthetic sessions
SYN-S0560,landing_session,2026-08-01T09:00:00,August synthetic sessions
SYN-S0561,landing_session,2026-08-01T09:00:00,August synthetic sessions
SYN-S0562,landing_session,2026-08-01T09:00:00,August synthetic sessions
SYN-S0563,landing_session,2026-08-01T09:00:00,August synthetic sessions
SYN-S0564,landing_session,2026-08-01T09:00:00,August synthetic sessions
SYN-S0565,landing_session,2026-08-01T09:00:00,August synthetic sessions
SYN-S0566,landing_session,2026-08-01T09:00:00,August synthetic sessions
SYN-S0567,landing_session,2026-08-01T09:00:00,August synthetic sessions
SYN-S0568,landing_session,2026-08-01T09:00:00,August synthetic sessions
SYN-S0569,landing_session,2026-08-01T09:00:00,August synthetic sessions
SYN-S0570,landing_session,2026-08-01T09:00:00,August synthetic sessions
SYN-S0571,landing_session,2026-08-01T09:00:00,August synthetic sessions
SYN-S0572,landing_session,2026-08-01T09:00:00,August synthetic sessions
SYN-S0573,landing_session,2026-08-01T09:00:00,August synthetic sessions
SYN-S0574,landing_session,2026-08-01T09:00:00,August synthetic sessions
SYN-S0575,landing_session,2026-08-01T09:00:00,August synthetic sessions
SYN-S0576,landing_session,2026-08-01T09:00:00,August synthetic sessions
SYN-S0577,landing_session,2026-08-01T09:00:00,August synthetic sessions
SYN-S0578,landing_session,2026-08-01T09:00:00,August synthetic sessions
SYN-S0579,landing_session,2026-08-01T09:00:00,August synthetic sessions
SYN-S0580,landing_session,2026-08-01T09:00:00,August synthetic sessions
SYN-S0581,landing_session,2026-08-01T09:00:00,August synthetic sessions
SYN-S0582,landing_session,2026-08-01T09:00:00,August synthetic sessions
SYN-S0583,landing_session,2026-08-01T09:00:00,August synthetic sessions
SYN-S0584,landing_session,2026-08-01T09:00:00,August synthetic sessions
SYN-S0585,landing_session,2026-08-01T09:00:00,August synthetic sessions
SYN-S0586,landing_session,2026-08-01T09:00:00,August synthetic sessions
SYN-S0587,landing_session,2026-08-01T09:00:00,August synthetic sessions
SYN-S0588,landing_session,2026-08-01T09:00:00,August synthetic sessions
SYN-S0589,landing_session,2026-08-01T09:00:00,August synthetic sessions
SYN-S0590,landing_session,2026-08-01T09:00:00,August synthetic sessions
SYN-S0591,landing_session,2026-08-01T09:00:00,August synthetic sessions
SYN-S0592,landing_session,2026-08-01T09:00:00,August synthetic sessions
SYN-S0593,landing_session,2026-08-01T09:00:00,August synthetic sessions
SYN-S0594,landing_session,2026-08-01T09:00:00,August synthetic sessions
SYN-S0595,landing_session,2026-08-01T09:00:00,August synthetic sessions
SYN-S0596,landing_session,2026-08-01T09:00:00,August synthetic sessions
SYN-S0597,landing_session,2026-08-01T09:00:00,August synthetic sessions
SYN-S0598,landing_session,2026-08-01T09:00:00,August synthetic sessions
SYN-S0599,landing_session,2026-08-01T09:00:00,August synthetic sessions
SYN-S0600,landing_session,2026-08-01T09:00:00,August synthetic sessions
SYN-S0601,landing_session,2026-08-01T09:00:00,August synthetic sessions
SYN-S0602,landing_session,2026-08-01T09:00:00,August synthetic sessions
SYN-S0603,landing_session,2026-08-01T09:00:00,August synthetic sessions
SYN-S0604,landing_session,2026-08-01T09:00:00,August synthetic sessions
SYN-S0605,landing_session,2026-08-01T09:00:00,August synthetic sessions
SYN-S0606,landing_session,2026-08-01T09:00:00,August synthetic sessions
SYN-S0607,landing_session,2026-08-01T09:00:00,August synthetic sessions
SYN-S0608,landing_session,2026-08-01T09:00:00,August synthetic sessions
SYN-S0609,landing_session,2026-08-01T09:00:00,August synthetic sessions
SYN-S0610,landing_session,2026-08-01T09:00:00,August synthetic sessions
SYN-S0611,landing_session,2026-08-01T09:00:00,August synthetic sessions
SYN-S0612,landing_session,2026-08-01T09:00:00,August synthetic sessions
SYN-S0613,landing_session,2026-08-01T09:00:00,August synthetic sessions
SYN-S0614,landing_session,2026-08-01T09:00:00,August synthetic sessions
SYN-S0615,landing_session,2026-08-01T09:00:00,August synthetic sessions
SYN-S0616,landing_session,2026-08-01T09:00:00,August synthetic sessions
SYN-S0617,landing_session,2026-08-01T09:00:00,August synthetic sessions
SYN-S0618,landing_session,2026-08-01T09:00:00,August synthetic sessions
SYN-S0619,landing_session,2026-08-01T09:00:00,August synthetic sessions
SYN-S0620,landing_session,2026-08-01T09:00:00,August synthetic sessions
SYN-S0621,landing_session,2026-08-01T09:00:00,August synthetic sessions
SYN-S0622,landing_session,2026-08-01T09:00:00,August synthetic sessions
SYN-S0623,landing_session,2026-08-01T09:00:00,August synthetic sessions
SYN-S0624,landing_session,2026-08-01T09:00:00,August synthetic sessions
SYN-S0625,landing_session,2026-08-01T09:00:00,August synthetic sessions
SYN-S0626,landing_session,2026-08-01T09:00:00,August synthetic sessions
SYN-S0627,landing_session,2026-08-01T09:00:00,August synthetic sessions
SYN-S0628,landing_session,2026-08-01T09:00:00,August synthetic sessions
SYN-S0629,landing_session,2026-08-01T09:00:00,August synthetic sessions
SYN-S0630,landing_session,2026-08-01T09:00:00,August synthetic sessions
SYN-S0631,landing_session,2026-08-01T09:00:00,August synthetic sessions
SYN-S0632,landing_session,2026-08-01T09:00:00,August synthetic sessions
SYN-S0633,landing_session,2026-08-01T09:00:00,August synthetic sessions
SYN-S0634,landing_session,2026-08-01T09:00:00,August synthetic sessions
SYN-S0635,landing_session,2026-08-01T09:00:00,August synthetic sessions
SYN-S0636,landing_session,2026-08-01T09:00:00,August synthetic sessions
SYN-S0637,landing_session,2026-08-01T09:00:00,August synthetic sessions
SYN-S0638,landing_session,2026-08-01T09:00:00,August synthetic sessions
SYN-S0639,landing_session,2026-08-01T09:00:00,August synthetic sessions
SYN-S0640,landing_session,2026-08-01T09:00:00,August synthetic sessions
SYN-S0641,landing_session,2026-08-01T09:00:00,August synthetic sessions
SYN-S0642,landing_session,2026-08-01T09:00:00,August synthetic sessions
SYN-S0643,landing_session,2026-08-01T09:00:00,August synthetic sessions
SYN-S0644,landing_session,2026-08-01T09:00:00,August synthetic sessions
SYN-S0645,landing_session,2026-08-01T09:00:00,August synthetic sessions
SYN-S0646,landing_session,2026-08-01T09:00:00,August synthetic sessions
SYN-S0647,landing_session,2026-08-01T09:00:00,August synthetic sessions
SYN-S0648,landing_session,2026-08-01T09:00:00,August synthetic sessions
SYN-S0649,landing_session,2026-08-01T09:00:00,August synthetic sessions
SYN-S0650,landing_session,2026-08-01T09:00:00,August synthetic sessions
SYN-S0651,landing_session,2026-08-01T09:00:00,August synthetic sessions
SYN-S0652,landing_session,2026-08-01T09:00:00,August synthetic sessions
SYN-S0653,landing_session,2026-08-01T09:00:00,August synthetic sessions
SYN-S0654,landing_session,2026-08-01T09:00:00,August synthetic sessions
SYN-S0655,landing_session,2026-08-01T09:00:00,August synthetic sessions
SYN-S0656,landing_session,2026-08-01T09:00:00,August synthetic sessions
SYN-S0657,landing_session,2026-08-01T09:00:00,August synthetic sessions
SYN-S0658,landing_session,2026-08-01T09:00:00,August synthetic sessions
SYN-S0659,landing_session,2026-08-01T09:00:00,August synthetic sessions
SYN-S0660,landing_session,2026-08-01T09:00:00,August synthetic sessions
SYN-S0661,landing_session,2026-08-01T09:00:00,August synthetic sessions
SYN-S0662,landing_session,2026-08-01T09:00:00,August synthetic sessions
SYN-S0663,landing_session,2026-08-01T09:00:00,August synthetic sessions
SYN-S0664,landing_session,2026-08-01T09:00:00,August synthetic sessions
SYN-S0665,landing_session,2026-08-01T09:00:00,August synthetic sessions
SYN-S0666,landing_session,2026-08-01T09:00:00,August synthetic sessions
SYN-S0667,landing_session,2026-08-01T09:00:00,August synthetic sessions
SYN-S0668,landing_session,2026-08-01T09:00:00,August synthetic sessions
SYN-S0669,landing_session,2026-08-01T09:00:00,August synthetic sessions
SYN-S0670,landing_session,2026-08-01T09:00:00,August synthetic sessions
SYN-S0671,landing_session,2026-08-01T09:00:00,August synthetic sessions
SYN-S0672,landing_session,2026-08-01T09:00:00,August synthetic sessions
SYN-S0673,landing_session,2026-08-01T09:00:00,August synthetic sessions
SYN-S0674,landing_session,2026-08-01T09:00:00,August synthetic sessions
SYN-S0675,landing_session,2026-08-01T09:00:00,August synthetic sessions
SYN-S0676,landing_session,2026-08-01T09:00:00,August synthetic sessions
SYN-S0677,landing_session,2026-08-01T09:00:00,August synthetic sessions
SYN-S0678,landing_session,2026-08-01T09:00:00,August synthetic sessions
SYN-S0679,landing_session,2026-08-01T09:00:00,August synthetic sessions
SYN-S0680,landing_session,2026-08-01T09:00:00,August synthetic sessions
SYN-S0681,landing_session,2026-08-01T09:00:00,August synthetic sessions
SYN-S0682,landing_session,2026-08-01T09:00:00,August synthetic sessions
SYN-S0683,landing_session,2026-08-01T09:00:00,August synthetic sessions
SYN-S0684,landing_session,2026-08-01T09:00:00,August synthetic sessions
SYN-S0685,landing_session,2026-08-01T09:00:00,August synthetic sessions
SYN-S0686,landing_session,2026-08-01T09:00:00,August synthetic sessions
SYN-S0687,landing_session,2026-08-01T09:00:00,August synthetic sessions
SYN-S0688,landing_session,2026-08-01T09:00:00,August synthetic sessions
SYN-S0689,landing_session,2026-08-01T09:00:00,August synthetic sessions
SYN-S0690,landing_session,2026-08-01T09:00:00,August synthetic sessions
SYN-S0691,landing_session,2026-08-01T09:00:00,August synthetic sessions
SYN-S0692,landing_session,2026-08-01T09:00:00,August synthetic sessions
SYN-S0693,landing_session,2026-08-01T09:00:00,August synthetic sessions
SYN-S0694,landing_session,2026-08-01T09:00:00,August synthetic sessions
SYN-S0695,landing_session,2026-08-01T09:00:00,August synthetic sessions
SYN-S0696,landing_session,2026-08-01T09:00:00,August synthetic sessions
SYN-S0697,landing_session,2026-08-01T09:00:00,August synthetic sessions
SYN-S0698,landing_session,2026-08-01T09:00:00,August synthetic sessions
SYN-S0699,landing_session,2026-08-01T09:00:00,August synthetic sessions
SYN-S0700,landing_session,2026-08-01T09:00:00,August synthetic sessions
SYN-S0701,landing_session,2026-08-01T09:00:00,August synthetic sessions
SYN-S0702,landing_session,2026-08-01T09:00:00,August synthetic sessions
SYN-S0703,landing_session,2026-08-01T09:00:00,August synthetic sessions
SYN-S0704,landing_session,2026-08-01T09:00:00,August synthetic sessions
SYN-S0705,landing_session,2026-08-01T09:00:00,August synthetic sessions
SYN-S0706,landing_session,2026-08-01T09:00:00,August synthetic sessions
SYN-S0707,landing_session,2026-08-01T09:00:00,August synthetic sessions
SYN-S0708,landing_session,2026-08-01T09:00:00,August synthetic sessions
SYN-S0709,landing_session,2026-08-01T09:00:00,August synthetic sessions
SYN-S0710,landing_session,2026-08-01T09:00:00,August synthetic sessions
SYN-S0711,landing_session,2026-08-01T09:00:00,August synthetic sessions
SYN-S0712,landing_session,2026-08-01T09:00:00,August synthetic sessions
SYN-S0713,landing_session,2026-08-01T09:00:00,August synthetic sessions
SYN-S0714,landing_session,2026-08-01T09:00:00,August synthetic sessions
SYN-S0715,landing_session,2026-08-01T09:00:00,August synthetic sessions
SYN-S0716,landing_session,2026-08-01T09:00:00,August synthetic sessions
SYN-S0717,landing_session,2026-08-01T09:00:00,August synthetic sessions
SYN-S0718,landing_session,2026-08-01T09:00:00,August synthetic sessions
SYN-S0719,landing_session,2026-08-01T09:00:00,August synthetic sessions
SYN-S0720,landing_session,2026-08-01T09:00:00,August synthetic sessions
SYN-S0721,landing_session,2026-08-01T09:00:00,August synthetic sessions
SYN-S0722,landing_session,2026-08-01T09:00:00,August synthetic sessions
SYN-S0723,landing_session,2026-08-01T09:00:00,August synthetic sessions
SYN-S0724,landing_session,2026-08-01T09:00:00,August synthetic sessions
SYN-S0725,landing_session,2026-08-01T09:00:00,August synthetic sessions
SYN-S0726,landing_session,2026-08-01T09:00:00,August synthetic sessions
SYN-S0727,landing_session,2026-08-01T09:00:00,August synthetic sessions
SYN-S0728,landing_session,2026-08-01T09:00:00,August synthetic sessions
SYN-S0729,landing_session,2026-08-01T09:00:00,August synthetic sessions
SYN-S0730,landing_session,2026-08-01T09:00:00,August synthetic sessions
SYN-S0731,landing_session,2026-08-01T09:00:00,August synthetic sessions
SYN-S0732,landing_session,2026-08-01T09:00:00,August synthetic sessions
SYN-S0733,landing_session,2026-08-01T09:00:00,August synthetic sessions
SYN-S0734,landing_session,2026-08-01T09:00:00,August synthetic sessions
SYN-S0735,landing_session,2026-08-01T09:00:00,August synthetic sessions
SYN-S0736,landing_session,2026-08-01T09:00:00,August synthetic sessions
SYN-S0737,landing_session,2026-08-01T09:00:00,August synthetic sessions
SYN-S0738,landing_session,2026-08-01T09:00:00,August synthetic sessions
SYN-S0739,landing_session,2026-08-01T09:00:00,August synthetic sessions
SYN-S0740,landing_session,2026-08-01T09:00:00,August synthetic sessions
SYN-S0741,landing_session,2026-08-01T09:00:00,August synthetic sessions
SYN-S0742,landing_session,2026-08-01T09:00:00,August synthetic sessions
SYN-S0743,landing_session,2026-08-01T09:00:00,August synthetic sessions
SYN-S0744,landing_session,2026-08-01T09:00:00,August synthetic sessions
SYN-S0745,landing_session,2026-08-01T09:00:00,August synthetic sessions
SYN-S0746,landing_session,2026-08-01T09:00:00,August synthetic sessions
SYN-S0747,landing_session,2026-08-01T09:00:00,August synthetic sessions
SYN-S0748,landing_session,2026-08-01T09:00:00,August synthetic sessions
SYN-S0749,landing_session,2026-08-01T09:00:00,August synthetic sessions
SYN-S0750,landing_session,2026-08-01T09:00:00,August synthetic sessions
SYN-S0751,landing_session,2026-08-01T09:00:00,August synthetic sessions
SYN-S0752,landing_session,2026-08-01T09:00:00,August synthetic sessions
SYN-S0753,landing_session,2026-08-01T09:00:00,August synthetic sessions
SYN-S0754,landing_session,2026-08-01T09:00:00,August synthetic sessions
SYN-S0755,landing_session,2026-08-01T09:00:00,August synthetic sessions
SYN-S0756,landing_session,2026-08-01T09:00:00,August synthetic sessions
SYN-S0757,landing_session,2026-08-01T09:00:00,August synthetic sessions
SYN-S0758,landing_session,2026-08-01T09:00:00,August synthetic sessions
SYN-S0759,landing_session,2026-08-01T09:00:00,August synthetic sessions
SYN-S0760,landing_session,2026-08-01T09:00:00,August synthetic sessions
SYN-S0761,landing_session,2026-08-01T09:00:00,August synthetic sessions
SYN-S0762,landing_session,2026-08-01T09:00:00,August synthetic sessions
SYN-S0763,landing_session,2026-08-01T09:00:00,August synthetic sessions
SYN-S0764,landing_session,2026-08-01T09:00:00,August synthetic sessions
SYN-S0765,landing_session,2026-08-01T09:00:00,August synthetic sessions
SYN-S0766,landing_session,2026-08-01T09:00:00,August synthetic sessions
SYN-S0767,landing_session,2026-08-01T09:00:00,August synthetic sessions
SYN-S0768,landing_session,2026-08-01T09:00:00,August synthetic sessions
SYN-S0769,landing_session,2026-08-01T09:00:00,August synthetic sessions
SYN-S0770,landing_session,2026-08-01T09:00:00,August synthetic sessions
SYN-S0771,landing_session,2026-08-01T09:00:00,August synthetic sessions
SYN-S0772,landing_session,2026-08-01T09:00:00,August synthetic sessions
SYN-S0773,landing_session,2026-08-01T09:00:00,August synthetic sessions
SYN-S0774,landing_session,2026-08-01T09:00:00,August synthetic sessions
SYN-S0775,landing_session,2026-08-01T09:00:00,August synthetic sessions
SYN-S0776,landing_session,2026-08-01T09:00:00,August synthetic sessions
SYN-S0777,landing_session,2026-08-01T09:00:00,August synthetic sessions
SYN-S0778,landing_session,2026-08-01T09:00:00,August synthetic sessions
SYN-S0779,landing_session,2026-08-01T09:00:00,August synthetic sessions
SYN-S0780,landing_session,2026-08-01T09:00:00,August synthetic sessions
SYN-S0781,landing_session,2026-08-01T09:00:00,August synthetic sessions
SYN-S0782,landing_session,2026-08-01T09:00:00,August synthetic sessions
SYN-S0783,landing_session,2026-08-01T09:00:00,August synthetic sessions
SYN-S0784,landing_session,2026-08-01T09:00:00,August synthetic sessions
SYN-S0785,landing_session,2026-08-01T09:00:00,August synthetic sessions
SYN-S0786,landing_session,2026-08-01T09:00:00,August synthetic sessions
SYN-S0787,landing_session,2026-08-01T09:00:00,August synthetic sessions
SYN-S0788,landing_session,2026-08-01T09:00:00,August synthetic sessions
SYN-S0789,landing_session,2026-08-01T09:00:00,August synthetic sessions
SYN-S0790,landing_session,2026-08-01T09:00:00,August synthetic sessions
SYN-S0791,landing_session,2026-08-01T09:00:00,August synthetic sessions
SYN-S0792,landing_session,2026-08-01T09:00:00,August synthetic sessions
SYN-S0793,landing_session,2026-08-01T09:00:00,August synthetic sessions
SYN-S0794,landing_session,2026-08-01T09:00:00,August synthetic sessions
SYN-S0795,landing_session,2026-08-01T09:00:00,August synthetic sessions
SYN-S0796,landing_session,2026-08-01T09:00:00,August synthetic sessions
SYN-S0797,landing_session,2026-08-01T09:00:00,August synthetic sessions
SYN-S0798,landing_session,2026-08-01T09:00:00,August synthetic sessions
SYN-S0799,landing_session,2026-08-01T09:00:00,August synthetic sessions
SYN-S0800,landing_session,2026-08-01T09:00:00,August synthetic sessions
SYN-S0801,landing_session,2026-08-01T09:00:00,August synthetic sessions
SYN-S0802,landing_session,2026-08-01T09:00:00,August synthetic sessions
SYN-S0803,landing_session,2026-08-01T09:00:00,August synthetic sessions
SYN-S0804,landing_session,2026-08-01T09:00:00,August synthetic sessions
SYN-S0805,landing_session,2026-08-01T09:00:00,August synthetic sessions
SYN-S0806,landing_session,2026-08-01T09:00:00,August synthetic sessions
SYN-S0807,landing_session,2026-08-01T09:00:00,August synthetic sessions
SYN-S0808,landing_session,2026-08-01T09:00:00,August synthetic sessions
SYN-S0809,landing_session,2026-08-01T09:00:00,August synthetic sessions
SYN-S0810,landing_session,2026-08-01T09:00:00,August synthetic sessions
SYN-S0811,landing_session,2026-08-01T09:00:00,August synthetic sessions
SYN-S0812,landing_session,2026-08-01T09:00:00,August synthetic sessions
SYN-S0813,landing_session,2026-08-01T09:00:00,August synthetic sessions
SYN-S0814,landing_session,2026-08-01T09:00:00,August synthetic sessions
SYN-S0815,landing_session,2026-08-01T09:00:00,August synthetic sessions
SYN-S0816,landing_session,2026-08-01T09:00:00,August synthetic sessions
SYN-S0817,landing_session,2026-08-01T09:00:00,August synthetic sessions
SYN-S0818,landing_session,2026-08-01T09:00:00,August synthetic sessions
SYN-S0819,landing_session,2026-08-01T09:00:00,August synthetic sessions
SYN-S0820,landing_session,2026-08-01T09:00:00,August synthetic sessions
SYN-S0821,landing_session,2026-08-01T09:00:00,August synthetic sessions
SYN-S0822,landing_session,2026-08-01T09:00:00,August synthetic sessions
SYN-S0823,landing_session,2026-08-01T09:00:00,August synthetic sessions
SYN-S0824,landing_session,2026-08-01T09:00:00,August synthetic sessions
SYN-S0825,landing_session,2026-08-01T09:00:00,August synthetic sessions
SYN-S0826,landing_session,2026-08-01T09:00:00,August synthetic sessions
SYN-S0827,landing_session,2026-08-01T09:00:00,August synthetic sessions
SYN-S0828,landing_session,2026-08-01T09:00:00,August synthetic sessions
SYN-S0829,landing_session,2026-08-01T09:00:00,August synthetic sessions
SYN-S0830,landing_session,2026-08-01T09:00:00,August synthetic sessions
SYN-S0831,landing_session,2026-08-01T09:00:00,August synthetic sessions
SYN-S0832,landing_session,2026-08-01T09:00:00,August synthetic sessions
SYN-S0833,landing_session,2026-08-01T09:00:00,August synthetic sessions
SYN-S0834,landing_session,2026-08-01T09:00:00,August synthetic sessions
SYN-S0835,landing_session,2026-08-01T09:00:00,August synthetic sessions
SYN-S0836,landing_session,2026-08-01T09:00:00,August synthetic sessions
SYN-S0837,landing_session,2026-08-01T09:00:00,August synthetic sessions
SYN-S0838,landing_session,2026-08-01T09:00:00,August synthetic sessions
SYN-S0839,landing_session,2026-08-01T09:00:00,August synthetic sessions
SYN-S0840,landing_session,2026-08-01T09:00:00,August synthetic sessions
SYN-S0841,landing_session,2026-08-01T09:00:00,August synthetic sessions
SYN-S0842,landing_session,2026-08-01T09:00:00,August synthetic sessions
SYN-S0843,landing_session,2026-08-01T09:00:00,August synthetic sessions
SYN-S0844,landing_session,2026-08-01T09:00:00,August synthetic sessions
SYN-S0845,landing_session,2026-08-01T09:00:00,August synthetic sessions
SYN-S0846,landing_session,2026-08-01T09:00:00,August synthetic sessions
SYN-S0847,landing_session,2026-08-01T09:00:00,August synthetic sessions
SYN-S0848,landing_session,2026-08-01T09:00:00,August synthetic sessions
SYN-S0849,landing_session,2026-08-01T09:00:00,August synthetic sessions
SYN-S0850,landing_session,2026-08-01T09:00:00,August synthetic sessions
SYN-S0851,landing_session,2026-08-01T09:00:00,August synthetic sessions
SYN-S0852,landing_session,2026-08-01T09:00:00,August synthetic sessions
SYN-S0853,landing_session,2026-08-01T09:00:00,August synthetic sessions
SYN-S0854,landing_session,2026-08-01T09:00:00,August synthetic sessions
SYN-S0855,landing_session,2026-08-01T09:00:00,August synthetic sessions
SYN-S0856,landing_session,2026-08-01T09:00:00,August synthetic sessions
SYN-S0857,landing_session,2026-08-01T09:00:00,August synthetic sessions
SYN-S0858,landing_session,2026-08-01T09:00:00,August synthetic sessions
SYN-S0859,landing_session,2026-08-01T09:00:00,August synthetic sessions
SYN-S0860,landing_session,2026-08-01T09:00:00,August synthetic sessions
SYN-S0861,landing_session,2026-08-01T09:00:00,August synthetic sessions
SYN-S0862,landing_session,2026-08-01T09:00:00,August synthetic sessions
SYN-S0863,landing_session,2026-08-01T09:00:00,August synthetic sessions
SYN-S0864,landing_session,2026-08-01T09:00:00,August synthetic sessions
SYN-S0865,landing_session,2026-08-01T09:00:00,August synthetic sessions
SYN-S0866,landing_session,2026-08-01T09:00:00,August synthetic sessions
SYN-S0867,landing_session,2026-08-01T09:00:00,August synthetic sessions
SYN-S0868,landing_session,2026-08-01T09:00:00,August synthetic sessions
SYN-S0869,landing_session,2026-08-01T09:00:00,August synthetic sessions
SYN-S0870,landing_session,2026-08-01T09:00:00,August synthetic sessions
SYN-S0871,landing_session,2026-08-01T09:00:00,August synthetic sessions
SYN-S0872,landing_session,2026-08-01T09:00:00,August synthetic sessions
SYN-S0873,landing_session,2026-08-01T09:00:00,August synthetic sessions
SYN-S0874,landing_session,2026-08-01T09:00:00,August synthetic sessions
SYN-S0875,landing_session,2026-08-01T09:00:00,August synthetic sessions
SYN-S0876,landing_session,2026-08-01T09:00:00,August synthetic sessions
SYN-S0877,landing_session,2026-08-01T09:00:00,August synthetic sessions
SYN-S0878,landing_session,2026-08-01T09:00:00,August synthetic sessions
SYN-S0879,landing_session,2026-08-01T09:00:00,August synthetic sessions
SYN-S0880,landing_session,2026-08-01T09:00:00,August synthetic sessions
SYN-S0881,landing_session,2026-08-01T09:00:00,August synthetic sessions
SYN-S0882,landing_session,2026-08-01T09:00:00,August synthetic sessions
SYN-S0883,landing_session,2026-08-01T09:00:00,August synthetic sessions
SYN-S0884,landing_session,2026-08-01T09:00:00,August synthetic sessions
SYN-S0885,landing_session,2026-08-01T09:00:00,August synthetic sessions
SYN-S0886,landing_session,2026-08-01T09:00:00,August synthetic sessions
SYN-S0887,landing_session,2026-08-01T09:00:00,August synthetic sessions
SYN-S0888,landing_session,2026-08-01T09:00:00,August synthetic sessions
SYN-S0889,landing_session,2026-08-01T09:00:00,August synthetic sessions
SYN-S0890,landing_session,2026-08-01T09:00:00,August synthetic sessions
SYN-S0891,landing_session,2026-08-01T09:00:00,August synthetic sessions
SYN-S0892,landing_session,2026-08-01T09:00:00,August synthetic sessions
SYN-S0893,landing_session,2026-08-01T09:00:00,August synthetic sessions
SYN-S0894,landing_session,2026-08-01T09:00:00,August synthetic sessions
SYN-S0895,landing_session,2026-08-01T09:00:00,August synthetic sessions
SYN-S0896,landing_session,2026-08-01T09:00:00,August synthetic sessions
SYN-S0897,landing_session,2026-08-01T09:00:00,August synthetic sessions
SYN-S0898,landing_session,2026-08-01T09:00:00,August synthetic sessions
SYN-S0899,landing_session,2026-08-01T09:00:00,August synthetic sessions
SYN-S0900,landing_session,2026-08-01T09:00:00,August synthetic sessions
SYN-S0901,landing_session,2026-08-01T09:00:00,August synthetic sessions
SYN-S0902,landing_session,2026-08-01T09:00:00,August synthetic sessions
SYN-S0903,landing_session,2026-08-01T09:00:00,August synthetic sessions
SYN-S0904,landing_session,2026-08-01T09:00:00,August synthetic sessions
SYN-S0905,landing_session,2026-08-01T09:00:00,August synthetic sessions
SYN-S0906,landing_session,2026-08-01T09:00:00,August synthetic sessions
SYN-S0907,landing_session,2026-08-01T09:00:00,August synthetic sessions
SYN-S0908,landing_session,2026-08-01T09:00:00,August synthetic sessions
SYN-S0909,landing_session,2026-08-01T09:00:00,August synthetic sessions
SYN-S0910,landing_session,2026-08-01T09:00:00,August synthetic sessions
SYN-S0911,landing_session,2026-08-01T09:00:00,August synthetic sessions
SYN-S0912,landing_session,2026-08-01T09:00:00,August synthetic sessions
SYN-S0913,landing_session,2026-08-01T09:00:00,August synthetic sessions
SYN-S0914,landing_session,2026-08-01T09:00:00,August synthetic sessions
SYN-S0915,landing_session,2026-08-01T09:00:00,August synthetic sessions
SYN-S0916,landing_session,2026-08-01T09:00:00,August synthetic sessions
SYN-S0917,landing_session,2026-08-01T09:00:00,August synthetic sessions
SYN-S0918,landing_session,2026-08-01T09:00:00,August synthetic sessions
SYN-S0919,landing_session,2026-08-01T09:00:00,August synthetic sessions
SYN-S0920,landing_session,2026-08-01T09:00:00,August synthetic sessions
SYN-S0921,landing_session,2026-08-01T09:00:00,August synthetic sessions
SYN-S0922,landing_session,2026-08-01T09:00:00,August synthetic sessions
SYN-S0923,landing_session,2026-08-01T09:00:00,August synthetic sessions
SYN-S0924,landing_session,2026-08-01T09:00:00,August synthetic sessions
SYN-S0925,landing_session,2026-08-01T09:00:00,August synthetic sessions
SYN-S0926,landing_session,2026-08-01T09:00:00,August synthetic sessions
SYN-S0927,landing_session,2026-08-01T09:00:00,August synthetic sessions
SYN-S0928,landing_session,2026-08-01T09:00:00,August synthetic sessions
SYN-S0929,landing_session,2026-08-01T09:00:00,August synthetic sessions
SYN-S0930,landing_session,2026-08-01T09:00:00,August synthetic sessions
SYN-S0931,landing_session,2026-08-01T09:00:00,August synthetic sessions
SYN-S0932,landing_session,2026-08-01T09:00:00,August synthetic sessions
SYN-S0933,landing_session,2026-08-01T09:00:00,August synthetic sessions
SYN-S0934,landing_session,2026-08-01T09:00:00,August synthetic sessions
SYN-S0935,landing_session,2026-08-01T09:00:00,August synthetic sessions
SYN-S0936,landing_session,2026-08-01T09:00:00,August synthetic sessions
SYN-S0937,landing_session,2026-08-01T09:00:00,August synthetic sessions
SYN-S0938,landing_session,2026-08-01T09:00:00,August synthetic sessions
SYN-S0939,landing_session,2026-08-01T09:00:00,August synthetic sessions
SYN-S0940,landing_session,2026-08-01T09:00:00,August synthetic sessions
SYN-S0941,landing_session,2026-08-01T09:00:00,August synthetic sessions
SYN-S0942,landing_session,2026-08-01T09:00:00,August synthetic sessions
SYN-S0943,landing_session,2026-08-01T09:00:00,August synthetic sessions
SYN-S0944,landing_session,2026-08-01T09:00:00,August synthetic sessions
SYN-S0945,landing_session,2026-08-01T09:00:00,August synthetic sessions
SYN-S0946,landing_session,2026-08-01T09:00:00,August synthetic sessions
SYN-S0947,landing_session,2026-08-01T09:00:00,August synthetic sessions
SYN-S0948,landing_session,2026-08-01T09:00:00,August synthetic sessions
SYN-S0949,landing_session,2026-08-01T09:00:00,August synthetic sessions
SYN-S0950,landing_session,2026-08-01T09:00:00,August synthetic sessions
SYN-S0951,landing_session,2026-08-01T09:00:00,August synthetic sessions
SYN-S0952,landing_session,2026-08-01T09:00:00,August synthetic sessions
SYN-S0953,landing_session,2026-08-01T09:00:00,August synthetic sessions
SYN-S0954,landing_session,2026-08-01T09:00:00,August synthetic sessions
SYN-S0955,landing_session,2026-08-01T09:00:00,August synthetic sessions
SYN-S0956,landing_session,2026-08-01T09:00:00,August synthetic sessions
SYN-S0957,landing_session,2026-08-01T09:00:00,August synthetic sessions
SYN-S0958,landing_session,2026-08-01T09:00:00,August synthetic sessions
SYN-S0959,landing_session,2026-08-01T09:00:00,August synthetic sessions
SYN-S0960,landing_session,2026-08-01T09:00:00,August synthetic sessions
SYN-S0961,landing_session,2026-08-01T09:00:00,August synthetic sessions
SYN-S0962,landing_session,2026-08-01T09:00:00,August synthetic sessions
SYN-S0963,landing_session,2026-08-01T09:00:00,August synthetic sessions
SYN-S0964,landing_session,2026-08-01T09:00:00,August synthetic sessions
SYN-S0965,landing_session,2026-08-01T09:00:00,August synthetic sessions
SYN-S0966,landing_session,2026-08-01T09:00:00,August synthetic sessions
SYN-S0967,landing_session,2026-08-01T09:00:00,August synthetic sessions
SYN-S0968,landing_session,2026-08-01T09:00:00,August synthetic sessions
SYN-S0969,landing_session,2026-08-01T09:00:00,August synthetic sessions
SYN-S0970,landing_session,2026-08-01T09:00:00,August synthetic sessions
SYN-S0971,landing_session,2026-08-01T09:00:00,August synthetic sessions
SYN-S0972,landing_session,2026-08-01T09:00:00,August synthetic sessions
SYN-S0973,landing_session,2026-08-01T09:00:00,August synthetic sessions
SYN-S0974,landing_session,2026-08-01T09:00:00,August synthetic sessions
SYN-S0975,landing_session,2026-08-01T09:00:00,August synthetic sessions
SYN-S0976,landing_session,2026-08-01T09:00:00,August synthetic sessions
SYN-S0977,landing_session,2026-08-01T09:00:00,August synthetic sessions
SYN-S0978,landing_session,2026-08-01T09:00:00,August synthetic sessions
SYN-S0979,landing_session,2026-08-01T09:00:00,August synthetic sessions
SYN-S0980,landing_session,2026-08-01T09:00:00,August synthetic sessions
SYN-S0981,landing_session,2026-08-01T09:00:00,August synthetic sessions
SYN-S0982,landing_session,2026-08-01T09:00:00,August synthetic sessions
SYN-S0983,landing_session,2026-08-01T09:00:00,August synthetic sessions
SYN-S0984,landing_session,2026-08-01T09:00:00,August synthetic sessions
SYN-S0985,landing_session,2026-08-01T09:00:00,August synthetic sessions
SYN-S0986,landing_session,2026-08-01T09:00:00,August synthetic sessions
SYN-S0987,landing_session,2026-08-01T09:00:00,August synthetic sessions
SYN-S0988,landing_session,2026-08-01T09:00:00,August synthetic sessions
SYN-S0989,landing_session,2026-08-01T09:00:00,August synthetic sessions
SYN-S0990,landing_session,2026-08-01T09:00:00,August synthetic sessions
SYN-S0991,landing_session,2026-08-01T09:00:00,August synthetic sessions
SYN-S0992,landing_session,2026-08-01T09:00:00,August synthetic sessions
SYN-S0993,landing_session,2026-08-01T09:00:00,August synthetic sessions
SYN-S0994,landing_session,2026-08-01T09:00:00,August synthetic sessions
SYN-S0995,landing_session,2026-08-01T09:00:00,August synthetic sessions
SYN-S0996,landing_session,2026-08-01T09:00:00,August synthetic sessions
SYN-S0997,landing_session,2026-08-01T09:00:00,August synthetic sessions
SYN-S0998,landing_session,2026-08-01T09:00:00,August synthetic sessions
SYN-S0999,landing_session,2026-08-01T09:00:00,August synthetic sessions
SYN-S1000,landing_session,2026-08-01T09:00:00,August synthetic sessions
SYN-S1001,landing_session,2026-08-01T09:00:00,August synthetic sessions
SYN-S1002,landing_session,2026-08-01T09:00:00,August synthetic sessions
SYN-S1003,landing_session,2026-08-01T09:00:00,August synthetic sessions
SYN-S1004,landing_session,2026-08-01T09:00:00,August synthetic sessions
SYN-S1005,landing_session,2026-08-01T09:00:00,August synthetic sessions
SYN-S1006,landing_session,2026-08-01T09:00:00,August synthetic sessions
SYN-S1007,landing_session,2026-08-01T09:00:00,August synthetic sessions
SYN-S1008,landing_session,2026-08-01T09:00:00,August synthetic sessions
SYN-S1009,landing_session,2026-08-01T09:00:00,August synthetic sessions
SYN-S1010,landing_session,2026-08-01T09:00:00,August synthetic sessions
SYN-S1011,landing_session,2026-08-01T09:00:00,August synthetic sessions
SYN-S1012,landing_session,2026-08-01T09:00:00,August synthetic sessions
SYN-S1013,landing_session,2026-08-01T09:00:00,August synthetic sessions
SYN-S1014,landing_session,2026-08-01T09:00:00,August synthetic sessions
SYN-S1015,landing_session,2026-08-01T09:00:00,August synthetic sessions
SYN-S1016,landing_session,2026-08-01T09:00:00,August synthetic sessions
SYN-S1017,landing_session,2026-08-01T09:00:00,August synthetic sessions
SYN-S1018,landing_session,2026-08-01T09:00:00,August synthetic sessions
SYN-S1019,landing_session,2026-08-01T09:00:00,August synthetic sessions
SYN-S1020,landing_session,2026-08-01T09:00:00,August synthetic sessions
SYN-S1021,landing_session,2026-08-01T09:00:00,August synthetic sessions
SYN-S1022,landing_session,2026-08-01T09:00:00,August synthetic sessions
SYN-S1023,landing_session,2026-08-01T09:00:00,August synthetic sessions
SYN-S1024,landing_session,2026-08-01T09:00:00,August synthetic sessions
SYN-S1025,landing_session,2026-08-01T09:00:00,August synthetic sessions
SYN-S1026,landing_session,2026-08-01T09:00:00,August synthetic sessions
SYN-S1027,landing_session,2026-08-01T09:00:00,August synthetic sessions
SYN-S1028,landing_session,2026-08-01T09:00:00,August synthetic sessions
SYN-S1029,landing_session,2026-08-01T09:00:00,August synthetic sessions
SYN-S1030,landing_session,2026-08-01T09:00:00,August synthetic sessions
SYN-S1031,landing_session,2026-08-01T09:00:00,August synthetic sessions
SYN-S1032,landing_session,2026-08-01T09:00:00,August synthetic sessions
SYN-S1033,landing_session,2026-08-01T09:00:00,August synthetic sessions
SYN-S1034,landing_session,2026-08-01T09:00:00,August synthetic sessions
SYN-S1035,landing_session,2026-08-01T09:00:00,August synthetic sessions
SYN-S1036,landing_session,2026-08-01T09:00:00,August synthetic sessions
SYN-S1037,landing_session,2026-08-01T09:00:00,August synthetic sessions
SYN-S1038,landing_session,2026-08-01T09:00:00,August synthetic sessions
SYN-S1039,landing_session,2026-08-01T09:00:00,August synthetic sessions
SYN-S1040,landing_session,2026-08-01T09:00:00,August synthetic sessions
SYN-S1041,landing_session,2026-08-01T09:00:00,August synthetic sessions
SYN-S1042,landing_session,2026-08-01T09:00:00,August synthetic sessions
SYN-S1043,landing_session,2026-08-01T09:00:00,August synthetic sessions
SYN-S1044,landing_session,2026-08-01T09:00:00,August synthetic sessions
SYN-S1045,landing_session,2026-08-01T09:00:00,August synthetic sessions
SYN-S1046,landing_session,2026-08-01T09:00:00,August synthetic sessions
SYN-S1047,landing_session,2026-08-01T09:00:00,August synthetic sessions
SYN-S1048,landing_session,2026-08-01T09:00:00,August synthetic sessions
SYN-S1049,landing_session,2026-08-01T09:00:00,August synthetic sessions
SYN-S1050,landing_session,2026-08-01T09:00:00,August synthetic sessions
SYN-S1051,landing_session,2026-08-01T09:00:00,August synthetic sessions
SYN-S1052,landing_session,2026-08-01T09:00:00,August synthetic sessions
SYN-S1053,landing_session,2026-08-01T09:00:00,August synthetic sessions
SYN-S1054,landing_session,2026-08-01T09:00:00,August synthetic sessions
SYN-S1055,landing_session,2026-08-01T09:00:00,August synthetic sessions
SYN-S1056,landing_session,2026-08-01T09:00:00,August synthetic sessions
SYN-S1057,landing_session,2026-08-01T09:00:00,August synthetic sessions
SYN-S1058,landing_session,2026-08-01T09:00:00,August synthetic sessions
SYN-S1059,landing_session,2026-08-01T09:00:00,August synthetic sessions
SYN-S1060,landing_session,2026-08-01T09:00:00,August synthetic sessions
SYN-S1061,landing_session,2026-08-01T09:00:00,August synthetic sessions
SYN-S1062,landing_session,2026-08-01T09:00:00,August synthetic sessions
SYN-S1063,landing_session,2026-08-01T09:00:00,August synthetic sessions
SYN-S1064,landing_session,2026-08-01T09:00:00,August synthetic sessions
SYN-S1065,landing_session,2026-08-01T09:00:00,August synthetic sessions
SYN-S1066,landing_session,2026-08-01T09:00:00,August synthetic sessions
SYN-S1067,landing_session,2026-08-01T09:00:00,August synthetic sessions
SYN-S1068,landing_session,2026-08-01T09:00:00,August synthetic sessions
SYN-S1069,landing_session,2026-08-01T09:00:00,August synthetic sessions
SYN-S1070,landing_session,2026-08-01T09:00:00,August synthetic sessions
SYN-S1071,landing_session,2026-08-01T09:00:00,August synthetic sessions
SYN-S1072,landing_session,2026-08-01T09:00:00,August synthetic sessions
SYN-S1073,landing_session,2026-08-01T09:00:00,August synthetic sessions
SYN-S1074,landing_session,2026-08-01T09:00:00,August synthetic sessions
SYN-S1075,landing_session,2026-08-01T09:00:00,August synthetic sessions
SYN-S1076,landing_session,2026-08-01T09:00:00,August synthetic sessions
SYN-S1077,landing_session,2026-08-01T09:00:00,August synthetic sessions
SYN-S1078,landing_session,2026-08-01T09:00:00,August synthetic sessions
SYN-S1079,landing_session,2026-08-01T09:00:00,August synthetic sessions
SYN-S1080,landing_session,2026-08-01T09:00:00,August synthetic sessions
SYN-S1081,landing_session,2026-08-01T09:00:00,August synthetic sessions
SYN-S1082,landing_session,2026-08-01T09:00:00,August synthetic sessions
SYN-S1083,landing_session,2026-08-01T09:00:00,August synthetic sessions
SYN-S1084,landing_session,2026-08-01T09:00:00,August synthetic sessions
SYN-S1085,landing_session,2026-08-01T09:00:00,August synthetic sessions
SYN-S1086,landing_session,2026-08-01T09:00:00,August synthetic sessions
SYN-S1087,landing_session,2026-08-01T09:00:00,August synthetic sessions
SYN-S1088,landing_session,2026-08-01T09:00:00,August synthetic sessions
SYN-S1089,landing_session,2026-08-01T09:00:00,August synthetic sessions
SYN-S1090,landing_session,2026-08-01T09:00:00,August synthetic sessions
SYN-S1091,landing_session,2026-08-01T09:00:00,August synthetic sessions
SYN-S1092,landing_session,2026-08-01T09:00:00,August synthetic sessions
SYN-S1093,landing_session,2026-08-01T09:00:00,August synthetic sessions
SYN-S1094,landing_session,2026-08-01T09:00:00,August synthetic sessions
SYN-S1095,landing_session,2026-08-01T09:00:00,August synthetic sessions
SYN-S1096,landing_session,2026-08-01T09:00:00,August synthetic sessions
SYN-S1097,landing_session,2026-08-01T09:00:00,August synthetic sessions
SYN-S1098,landing_session,2026-08-01T09:00:00,August synthetic sessions
SYN-S1099,landing_session,2026-08-01T09:00:00,August synthetic sessions
SYN-S1100,landing_session,2026-08-01T09:00:00,August synthetic sessions
SYN-S1101,landing_session,2026-08-01T09:00:00,August synthetic sessions
SYN-S1102,landing_session,2026-08-01T09:00:00,August synthetic sessions
SYN-S1103,landing_session,2026-08-01T09:00:00,August synthetic sessions
SYN-S1104,landing_session,2026-08-01T09:00:00,August synthetic sessions
SYN-S1105,landing_session,2026-08-01T09:00:00,August synthetic sessions
SYN-S1106,landing_session,2026-08-01T09:00:00,August synthetic sessions
SYN-S1107,landing_session,2026-08-01T09:00:00,August synthetic sessions
SYN-S1108,landing_session,2026-08-01T09:00:00,August synthetic sessions
SYN-S1109,landing_session,2026-08-01T09:00:00,August synthetic sessions
SYN-S1110,landing_session,2026-08-01T09:00:00,August synthetic sessions
SYN-S1111,landing_session,2026-08-01T09:00:00,August synthetic sessions
SYN-S1112,landing_session,2026-08-01T09:00:00,August synthetic sessions
SYN-S1113,landing_session,2026-08-01T09:00:00,August synthetic sessions
SYN-S1114,landing_session,2026-08-01T09:00:00,August synthetic sessions
SYN-S1115,landing_session,2026-08-01T09:00:00,August synthetic sessions
SYN-S1116,landing_session,2026-08-01T09:00:00,August synthetic sessions
SYN-S1117,landing_session,2026-08-01T09:00:00,August synthetic sessions
SYN-S1118,landing_session,2026-08-01T09:00:00,August synthetic sessions
SYN-S1119,landing_session,2026-08-01T09:00:00,August synthetic sessions
SYN-S1120,landing_session,2026-08-01T09:00:00,August synthetic sessions
SYN-S1121,landing_session,2026-08-01T09:00:00,August synthetic sessions
SYN-S1122,landing_session,2026-08-01T09:00:00,August synthetic sessions
SYN-S1123,landing_session,2026-08-01T09:00:00,August synthetic sessions
SYN-S1124,landing_session,2026-08-01T09:00:00,August synthetic sessions
SYN-S1125,landing_session,2026-08-01T09:00:00,August synthetic sessions
SYN-S1126,landing_session,2026-08-01T09:00:00,August synthetic sessions
SYN-S1127,landing_session,2026-08-01T09:00:00,August synthetic sessions
SYN-S1128,landing_session,2026-08-01T09:00:00,August synthetic sessions
SYN-S1129,landing_session,2026-08-01T09:00:00,August synthetic sessions
SYN-S1130,landing_session,2026-08-01T09:00:00,August synthetic sessions
SYN-S1131,landing_session,2026-08-01T09:00:00,August synthetic sessions
SYN-S1132,landing_session,2026-08-01T09:00:00,August synthetic sessions
SYN-S1133,landing_session,2026-08-01T09:00:00,August synthetic sessions
SYN-S1134,landing_session,2026-08-01T09:00:00,August synthetic sessions
SYN-S1135,landing_session,2026-08-01T09:00:00,August synthetic sessions
SYN-S1136,landing_session,2026-08-01T09:00:00,August synthetic sessions
SYN-S1137,landing_session,2026-08-01T09:00:00,August synthetic sessions
SYN-S1138,landing_session,2026-08-01T09:00:00,August synthetic sessions
SYN-S1139,landing_session,2026-08-01T09:00:00,August synthetic sessions
SYN-S1140,landing_session,2026-08-01T09:00:00,August synthetic sessions
SYN-S1141,landing_session,2026-08-01T09:00:00,August synthetic sessions
SYN-S1142,landing_session,2026-08-01T09:00:00,August synthetic sessions
SYN-S1143,landing_session,2026-08-01T09:00:00,August synthetic sessions
SYN-S1144,landing_session,2026-08-01T09:00:00,August synthetic sessions
SYN-S1145,landing_session,2026-08-01T09:00:00,August synthetic sessions
SYN-S1146,landing_session,2026-08-01T09:00:00,August synthetic sessions
SYN-S1147,landing_session,2026-08-01T09:00:00,August synthetic sessions
SYN-S1148,landing_session,2026-08-01T09:00:00,August synthetic sessions
SYN-S1149,landing_session,2026-08-01T09:00:00,August synthetic sessions
SYN-S1150,landing_session,2026-08-01T09:00:00,August synthetic sessions
SYN-S1151,landing_session,2026-08-01T09:00:00,August synthetic sessions
SYN-S1152,landing_session,2026-08-01T09:00:00,August synthetic sessions
SYN-S1153,landing_session,2026-08-01T09:00:00,August synthetic sessions
SYN-S1154,landing_session,2026-08-01T09:00:00,August synthetic sessions
SYN-S1155,landing_session,2026-08-01T09:00:00,August synthetic sessions
SYN-S1156,landing_session,2026-08-01T09:00:00,August synthetic sessions
SYN-S1157,landing_session,2026-08-01T09:00:00,August synthetic sessions
SYN-S1158,landing_session,2026-08-01T09:00:00,August synthetic sessions
SYN-S1159,landing_session,2026-08-01T09:00:00,August synthetic sessions
SYN-S1160,landing_session,2026-08-01T09:00:00,August synthetic sessions
SYN-S1161,landing_session,2026-08-01T09:00:00,August synthetic sessions
SYN-S1162,landing_session,2026-08-01T09:00:00,August synthetic sessions
SYN-S1163,landing_session,2026-08-01T09:00:00,August synthetic sessions
SYN-S1164,landing_session,2026-08-01T09:00:00,August synthetic sessions
SYN-S1165,landing_session,2026-08-01T09:00:00,August synthetic sessions
SYN-S1166,landing_session,2026-08-01T09:00:00,August synthetic sessions
SYN-S1167,landing_session,2026-08-01T09:00:00,August synthetic sessions
SYN-S1168,landing_session,2026-08-01T09:00:00,August synthetic sessions
SYN-S1169,landing_session,2026-08-01T09:00:00,August synthetic sessions
SYN-S1170,landing_session,2026-08-01T09:00:00,August synthetic sessions
SYN-S1171,landing_session,2026-08-01T09:00:00,August synthetic sessions
SYN-S1172,landing_session,2026-08-01T09:00:00,August synthetic sessions
SYN-S1173,landing_session,2026-08-01T09:00:00,August synthetic sessions
SYN-S1174,landing_session,2026-08-01T09:00:00,August synthetic sessions
SYN-S1175,landing_session,2026-08-01T09:00:00,August synthetic sessions
SYN-S1176,landing_session,2026-08-01T09:00:00,August synthetic sessions
SYN-S1177,landing_session,2026-08-01T09:00:00,August synthetic sessions
SYN-S1178,landing_session,2026-08-01T09:00:00,August synthetic sessions
SYN-S1179,landing_session,2026-08-01T09:00:00,August synthetic sessions
SYN-S1180,landing_session,2026-08-01T09:00:00,August synthetic sessions
SYN-S1181,landing_session,2026-08-01T09:00:00,August synthetic sessions
SYN-S1182,landing_session,2026-08-01T09:00:00,August synthetic sessions
SYN-S1183,landing_session,2026-08-01T09:00:00,August synthetic sessions
SYN-S1184,landing_session,2026-08-01T09:00:00,August synthetic sessions
SYN-S1185,landing_session,2026-08-01T09:00:00,August synthetic sessions
SYN-S1186,landing_session,2026-08-01T09:00:00,August synthetic sessions
SYN-S1187,landing_session,2026-08-01T09:00:00,August synthetic sessions
SYN-S1188,landing_session,2026-08-01T09:00:00,August synthetic sessions
SYN-S1189,landing_session,2026-08-01T09:00:00,August synthetic sessions
SYN-S1190,landing_session,2026-08-01T09:00:00,August synthetic sessions
SYN-S1191,landing_session,2026-08-01T09:00:00,August synthetic sessions
SYN-S1192,landing_session,2026-08-01T09:00:00,August synthetic sessions
SYN-S1193,landing_session,2026-08-01T09:00:00,August synthetic sessions
SYN-S1194,landing_session,2026-08-01T09:00:00,August synthetic sessions
SYN-S1195,landing_session,2026-08-01T09:00:00,August synthetic sessions
SYN-S1196,landing_session,2026-08-01T09:00:00,August synthetic sessions
SYN-S1197,landing_session,2026-08-01T09:00:00,August synthetic sessions
SYN-S1198,landing_session,2026-08-01T09:00:00,August synthetic sessions
SYN-S1199,landing_session,2026-08-01T09:00:00,August synthetic sessions
SYN-S1200,landing_session,2026-08-01T09:00:00,August synthetic sessions
SYN-S1201,landing_session,2026-08-01T09:00:00,August synthetic sessions
SYN-S1202,landing_session,2026-08-01T09:00:00,August synthetic sessions
SYN-S1203,landing_session,2026-08-01T09:00:00,August synthetic sessions
SYN-S1204,landing_session,2026-08-01T09:00:00,August synthetic sessions
SYN-S1205,landing_session,2026-08-01T09:00:00,August synthetic sessions
SYN-S1206,landing_session,2026-08-01T09:00:00,August synthetic sessions
SYN-S1207,landing_session,2026-08-01T09:00:00,August synthetic sessions
SYN-S1208,landing_session,2026-08-01T09:00:00,August synthetic sessions
SYN-S1209,landing_session,2026-08-01T09:00:00,August synthetic sessions
SYN-S1210,landing_session,2026-08-01T09:00:00,August synthetic sessions
SYN-S1211,landing_session,2026-08-01T09:00:00,August synthetic sessions
SYN-S1212,landing_session,2026-08-01T09:00:00,August synthetic sessions
SYN-S1213,landing_session,2026-08-01T09:00:00,August synthetic sessions
SYN-S1214,landing_session,2026-08-01T09:00:00,August synthetic sessions
SYN-S1215,landing_session,2026-08-01T09:00:00,August synthetic sessions
SYN-S1216,landing_session,2026-08-01T09:00:00,August synthetic sessions
SYN-S1217,landing_session,2026-08-01T09:00:00,August synthetic sessions
SYN-S1218,landing_session,2026-08-01T09:00:00,August synthetic sessions
SYN-S1219,landing_session,2026-08-01T09:00:00,August synthetic sessions
SYN-S1220,landing_session,2026-08-01T09:00:00,August synthetic sessions
SYN-S1221,landing_session,2026-08-01T09:00:00,August synthetic sessions
SYN-S1222,landing_session,2026-08-01T09:00:00,August synthetic sessions
SYN-S1223,landing_session,2026-08-01T09:00:00,August synthetic sessions
SYN-S1224,landing_session,2026-08-01T09:00:00,August synthetic sessions
SYN-S1225,landing_session,2026-08-01T09:00:00,August synthetic sessions
SYN-S1226,landing_session,2026-08-01T09:00:00,August synthetic sessions
SYN-S1227,landing_session,2026-08-01T09:00:00,August synthetic sessions
SYN-S1228,landing_session,2026-08-01T09:00:00,August synthetic sessions
SYN-S1229,landing_session,2026-08-01T09:00:00,August synthetic sessions
SYN-S1230,landing_session,2026-08-01T09:00:00,August synthetic sessions
SYN-S1231,landing_session,2026-08-01T09:00:00,August synthetic sessions
SYN-S1232,landing_session,2026-08-01T09:00:00,August synthetic sessions
SYN-S1233,landing_session,2026-08-01T09:00:00,August synthetic sessions
SYN-S1234,landing_session,2026-08-01T09:00:00,August synthetic sessions
SYN-S1235,landing_session,2026-08-01T09:00:00,August synthetic sessions
SYN-S1236,landing_session,2026-08-01T09:00:00,August synthetic sessions
SYN-S1237,landing_session,2026-08-01T09:00:00,August synthetic sessions
SYN-S1238,landing_session,2026-08-01T09:00:00,August synthetic sessions
SYN-S1239,landing_session,2026-08-01T09:00:00,August synthetic sessions
SYN-S1240,landing_session,2026-08-01T09:00:00,August synthetic sessions
SYN-S1241,landing_session,2026-08-01T09:00:00,August synthetic sessions
SYN-S1242,landing_session,2026-08-01T09:00:00,August synthetic sessions
SYN-S1243,landing_session,2026-08-01T09:00:00,August synthetic sessions
SYN-S1244,landing_session,2026-08-01T09:00:00,August synthetic sessions
SYN-S1245,landing_session,2026-08-01T09:00:00,August synthetic sessions
SYN-S1246,landing_session,2026-08-01T09:00:00,August synthetic sessions
SYN-S1247,landing_session,2026-08-01T09:00:00,August synthetic sessions
SYN-S1248,landing_session,2026-08-01T09:00:00,August synthetic sessions
SYN-S1249,landing_session,2026-08-01T09:00:00,August synthetic sessions
SYN-S1250,landing_session,2026-08-01T09:00:00,August synthetic sessions
SYN-S1251,landing_session,2026-08-01T09:00:00,August synthetic sessions
SYN-S1252,landing_session,2026-08-01T09:00:00,August synthetic sessions
SYN-S1253,landing_session,2026-08-01T09:00:00,August synthetic sessions
SYN-S1254,landing_session,2026-08-01T09:00:00,August synthetic sessions
SYN-S1255,landing_session,2026-08-01T09:00:00,August synthetic sessions
SYN-S1256,landing_session,2026-08-01T09:00:00,August synthetic sessions
SYN-S1257,landing_session,2026-08-01T09:00:00,August synthetic sessions
SYN-S1258,landing_session,2026-08-01T09:00:00,August synthetic sessions
SYN-S1259,landing_session,2026-08-01T09:00:00,August synthetic sessions
SYN-S1260,landing_session,2026-08-01T09:00:00,August synthetic sessions
SYN-S1261,landing_session,2026-08-01T09:00:00,August synthetic sessions
SYN-S1262,landing_session,2026-08-01T09:00:00,August synthetic sessions
SYN-S1263,landing_session,2026-08-01T09:00:00,August synthetic sessions
SYN-S1264,landing_session,2026-08-01T09:00:00,August synthetic sessions
SYN-S1265,landing_session,2026-08-01T09:00:00,August synthetic sessions
SYN-S1266,landing_session,2026-08-01T09:00:00,August synthetic sessions
SYN-S1267,landing_session,2026-08-01T09:00:00,August synthetic sessions
SYN-S1268,landing_session,2026-08-01T09:00:00,August synthetic sessions
SYN-S1269,landing_session,2026-08-01T09:00:00,August synthetic sessions
SYN-S1270,landing_session,2026-08-01T09:00:00,August synthetic sessions
SYN-S1271,landing_session,2026-08-01T09:00:00,August synthetic sessions
SYN-S1272,landing_session,2026-08-01T09:00:00,August synthetic sessions
SYN-S1273,landing_session,2026-08-01T09:00:00,August synthetic sessions
SYN-S1274,landing_session,2026-08-01T09:00:00,August synthetic sessions
SYN-S1275,landing_session,2026-08-01T09:00:00,August synthetic sessions
SYN-S1276,landing_session,2026-08-01T09:00:00,August synthetic sessions
SYN-S1277,landing_session,2026-08-01T09:00:00,August synthetic sessions
SYN-S1278,landing_session,2026-08-01T09:00:00,August synthetic sessions
SYN-S1279,landing_session,2026-08-01T09:00:00,August synthetic sessions
SYN-S1280,landing_session,2026-08-01T09:00:00,August synthetic sessions
SYN-S1281,landing_session,2026-08-01T09:00:00,August synthetic sessions
SYN-S1282,landing_session,2026-08-01T09:00:00,August synthetic sessions
SYN-S1283,landing_session,2026-08-01T09:00:00,August synthetic sessions
SYN-S1284,landing_session,2026-08-01T09:00:00,August synthetic sessions
SYN-S1285,landing_session,2026-08-01T09:00:00,August synthetic sessions
SYN-S1286,landing_session,2026-08-01T09:00:00,August synthetic sessions
SYN-S1287,landing_session,2026-08-01T09:00:00,August synthetic sessions
SYN-S1288,landing_session,2026-08-01T09:00:00,August synthetic sessions
SYN-S1289,landing_session,2026-08-01T09:00:00,August synthetic sessions
SYN-S1290,landing_session,2026-08-01T09:00:00,August synthetic sessions
SYN-S1291,landing_session,2026-08-01T09:00:00,August synthetic sessions
SYN-S1292,landing_session,2026-08-01T09:00:00,August synthetic sessions
SYN-S1293,landing_session,2026-08-01T09:00:00,August synthetic sessions
SYN-S1294,landing_session,2026-08-01T09:00:00,August synthetic sessions
SYN-S1295,landing_session,2026-08-01T09:00:00,August synthetic sessions
SYN-S1296,landing_session,2026-08-01T09:00:00,August synthetic sessions
SYN-S1297,landing_session,2026-08-01T09:00:00,August synthetic sessions
SYN-S1298,landing_session,2026-08-01T09:00:00,August synthetic sessions
SYN-S1299,landing_session,2026-08-01T09:00:00,August synthetic sessions
SYN-S1300,landing_session,2026-08-01T09:00:00,August synthetic sessions
SYN-S1301,landing_session,2026-08-01T09:00:00,August synthetic sessions
SYN-S1302,landing_session,2026-08-01T09:00:00,August synthetic sessions
SYN-S1303,landing_session,2026-08-01T09:00:00,August synthetic sessions
SYN-S1304,landing_session,2026-08-01T09:00:00,August synthetic sessions
SYN-S1305,landing_session,2026-08-01T09:00:00,August synthetic sessions
SYN-S1306,landing_session,2026-08-01T09:00:00,August synthetic sessions
SYN-S1307,landing_session,2026-08-01T09:00:00,August synthetic sessions
SYN-S1308,landing_session,2026-08-01T09:00:00,August synthetic sessions
SYN-S1309,landing_session,2026-08-01T09:00:00,August synthetic sessions
SYN-S1310,landing_session,2026-08-01T09:00:00,August synthetic sessions
SYN-S1311,landing_session,2026-08-01T09:00:00,August synthetic sessions
SYN-S1312,landing_session,2026-08-01T09:00:00,August synthetic sessions
SYN-S1313,landing_session,2026-08-01T09:00:00,August synthetic sessions
SYN-S1314,landing_session,2026-08-01T09:00:00,August synthetic sessions
SYN-S1315,landing_session,2026-08-01T09:00:00,August synthetic sessions
SYN-S1316,landing_session,2026-08-01T09:00:00,August synthetic sessions
SYN-S1317,landing_session,2026-08-01T09:00:00,August synthetic sessions
SYN-S1318,landing_session,2026-08-01T09:00:00,August synthetic sessions
SYN-S1319,landing_session,2026-08-01T09:00:00,August synthetic sessions
SYN-S1320,landing_session,2026-08-01T09:00:00,August synthetic sessions
SYN-S1321,landing_session,2026-08-01T09:00:00,August synthetic sessions
SYN-S1322,landing_session,2026-08-01T09:00:00,August synthetic sessions
SYN-S1323,landing_session,2026-08-01T09:00:00,August synthetic sessions
SYN-S1324,landing_session,2026-08-01T09:00:00,August synthetic sessions
SYN-S1325,landing_session,2026-08-01T09:00:00,August synthetic sessions
SYN-S1326,landing_session,2026-08-01T09:00:00,August synthetic sessions
SYN-S1327,landing_session,2026-08-01T09:00:00,August synthetic sessions
SYN-S1328,landing_session,2026-08-01T09:00:00,August synthetic sessions
SYN-S1329,landing_session,2026-08-01T09:00:00,August synthetic sessions
SYN-S1330,landing_session,2026-08-01T09:00:00,August synthetic sessions
SYN-S1331,landing_session,2026-08-01T09:00:00,August synthetic sessions
SYN-S1332,landing_session,2026-08-01T09:00:00,August synthetic sessions
SYN-S1333,landing_session,2026-08-01T09:00:00,August synthetic sessions
SYN-S1334,landing_session,2026-08-01T09:00:00,August synthetic sessions
SYN-S1335,landing_session,2026-08-01T09:00:00,August synthetic sessions
SYN-S1336,landing_session,2026-08-01T09:00:00,August synthetic sessions
SYN-S1337,landing_session,2026-08-01T09:00:00,August synthetic sessions
SYN-S1338,landing_session,2026-08-01T09:00:00,August synthetic sessions
SYN-S1339,landing_session,2026-08-01T09:00:00,August synthetic sessions
SYN-S1340,landing_session,2026-08-01T09:00:00,August synthetic sessions
SYN-S1341,landing_session,2026-08-01T09:00:00,August synthetic sessions
SYN-S1342,landing_session,2026-08-01T09:00:00,August synthetic sessions
SYN-S1343,landing_session,2026-08-01T09:00:00,August synthetic sessions
SYN-S1344,landing_session,2026-08-01T09:00:00,August synthetic sessions
SYN-S1345,landing_session,2026-08-01T09:00:00,August synthetic sessions
SYN-S1346,landing_session,2026-08-01T09:00:00,August synthetic sessions
SYN-S1347,landing_session,2026-08-01T09:00:00,August synthetic sessions
SYN-S1348,landing_session,2026-08-01T09:00:00,August synthetic sessions
SYN-S1349,landing_session,2026-08-01T09:00:00,August synthetic sessions
SYN-S1350,landing_session,2026-08-01T09:00:00,August synthetic sessions
SYN-S1351,landing_session,2026-08-01T09:00:00,August synthetic sessions
SYN-S1352,landing_session,2026-08-01T09:00:00,August synthetic sessions
SYN-S1353,landing_session,2026-08-01T09:00:00,August synthetic sessions
SYN-S1354,landing_session,2026-08-01T09:00:00,August synthetic sessions
SYN-S1355,landing_session,2026-08-01T09:00:00,August synthetic sessions
SYN-S1356,landing_session,2026-08-01T09:00:00,August synthetic sessions
SYN-S1357,landing_session,2026-08-01T09:00:00,August synthetic sessions
SYN-S1358,landing_session,2026-08-01T09:00:00,August synthetic sessions
SYN-S1359,landing_session,2026-08-01T09:00:00,August synthetic sessions
SYN-S1360,landing_session,2026-08-01T09:00:00,August synthetic sessions
SYN-S1361,landing_session,2026-08-01T09:00:00,August synthetic sessions
SYN-S1362,landing_session,2026-08-01T09:00:00,August synthetic sessions
SYN-S1363,landing_session,2026-08-01T09:00:00,August synthetic sessions
SYN-S1364,landing_session,2026-08-01T09:00:00,August synthetic sessions
SYN-S1365,landing_session,2026-08-01T09:00:00,August synthetic sessions
SYN-S1366,landing_session,2026-08-01T09:00:00,August synthetic sessions
SYN-S1367,landing_session,2026-08-01T09:00:00,August synthetic sessions
SYN-S1368,landing_session,2026-08-01T09:00:00,August synthetic sessions
SYN-S1369,landing_session,2026-08-01T09:00:00,August synthetic sessions
SYN-S1370,landing_session,2026-08-01T09:00:00,August synthetic sessions
SYN-S1371,landing_session,2026-08-01T09:00:00,August synthetic sessions
SYN-S1372,landing_session,2026-08-01T09:00:00,August synthetic sessions
SYN-S1373,landing_session,2026-08-01T09:00:00,August synthetic sessions
SYN-S1374,landing_session,2026-08-01T09:00:00,August synthetic sessions
SYN-S1375,landing_session,2026-08-01T09:00:00,August synthetic sessions
SYN-S1376,landing_session,2026-08-01T09:00:00,August synthetic sessions
SYN-S1377,landing_session,2026-08-01T09:00:00,August synthetic sessions
SYN-S1378,landing_session,2026-08-01T09:00:00,August synthetic sessions
SYN-S1379,landing_session,2026-08-01T09:00:00,August synthetic sessions
SYN-S1380,landing_session,2026-08-01T09:00:00,August synthetic sessions
SYN-S1381,landing_session,2026-08-01T09:00:00,August synthetic sessions
SYN-S1382,landing_session,2026-08-01T09:00:00,August synthetic sessions
SYN-S1383,landing_session,2026-08-01T09:00:00,August synthetic sessions
SYN-S1384,landing_session,2026-08-01T09:00:00,August synthetic sessions
SYN-S1385,landing_session,2026-08-01T09:00:00,August synthetic sessions
SYN-S1386,landing_session,2026-08-01T09:00:00,August synthetic sessions
SYN-S1387,landing_session,2026-08-01T09:00:00,August synthetic sessions
SYN-S1388,landing_session,2026-08-01T09:00:00,August synthetic sessions
SYN-S1389,landing_session,2026-08-01T09:00:00,August synthetic sessions
SYN-S1390,landing_session,2026-08-01T09:00:00,August synthetic sessions
SYN-S1391,landing_session,2026-08-01T09:00:00,August synthetic sessions
SYN-S1392,landing_session,2026-08-01T09:00:00,August synthetic sessions
SYN-S1393,landing_session,2026-08-01T09:00:00,August synthetic sessions
SYN-S1394,landing_session,2026-08-01T09:00:00,August synthetic sessions
SYN-S1395,landing_session,2026-08-01T09:00:00,August synthetic sessions
SYN-S1396,landing_session,2026-08-01T09:00:00,August synthetic sessions
SYN-S1397,landing_session,2026-08-01T09:00:00,August synthetic sessions
SYN-S1398,landing_session,2026-08-01T09:00:00,August synthetic sessions
SYN-S1399,landing_session,2026-08-01T09:00:00,August synthetic sessions
SYN-S1400,landing_session,2026-08-01T09:00:00,August synthetic sessions
SYN-S1401,landing_session,2026-08-01T09:00:00,August synthetic sessions
SYN-S1402,landing_session,2026-08-01T09:00:00,August synthetic sessions
SYN-S1403,landing_session,2026-08-01T09:00:00,August synthetic sessions
SYN-S1404,landing_session,2026-08-01T09:00:00,August synthetic sessions
SYN-S1405,landing_session,2026-08-01T09:00:00,August synthetic sessions
SYN-S1406,landing_session,2026-08-01T09:00:00,August synthetic sessions
SYN-S1407,landing_session,2026-08-01T09:00:00,August synthetic sessions
SYN-S1408,landing_session,2026-08-01T09:00:00,August synthetic sessions
SYN-S1409,landing_session,2026-08-01T09:00:00,August synthetic sessions
SYN-S1410,landing_session,2026-08-01T09:00:00,August synthetic sessions
SYN-S1411,landing_session,2026-08-01T09:00:00,August synthetic sessions
SYN-S1412,landing_session,2026-08-01T09:00:00,August synthetic sessions
SYN-S1413,landing_session,2026-08-01T09:00:00,August synthetic sessions
SYN-S1414,landing_session,2026-08-01T09:00:00,August synthetic sessions
SYN-S1415,landing_session,2026-08-01T09:00:00,August synthetic sessions
SYN-S1416,landing_session,2026-08-01T09:00:00,August synthetic sessions
SYN-S1417,landing_session,2026-08-01T09:00:00,August synthetic sessions
SYN-S1418,landing_session,2026-08-01T09:00:00,August synthetic sessions
SYN-S1419,landing_session,2026-08-01T09:00:00,August synthetic sessions
SYN-S1420,landing_session,2026-08-01T09:00:00,August synthetic sessions
SYN-S1421,landing_session,2026-08-01T09:00:00,August synthetic sessions
SYN-S1422,landing_session,2026-08-01T09:00:00,August synthetic sessions
SYN-S1423,landing_session,2026-08-01T09:00:00,August synthetic sessions
SYN-S1424,landing_session,2026-08-01T09:00:00,August synthetic sessions
SYN-S1425,landing_session,2026-08-01T09:00:00,August synthetic sessions
SYN-S1426,landing_session,2026-08-01T09:00:00,August synthetic sessions
SYN-S1427,landing_session,2026-08-01T09:00:00,August synthetic sessions
SYN-S1428,landing_session,2026-08-01T09:00:00,August synthetic sessions
SYN-S1429,landing_session,2026-08-01T09:00:00,August synthetic sessions
SYN-S1430,landing_session,2026-08-01T09:00:00,August synthetic sessions
SYN-S1431,landing_session,2026-08-01T09:00:00,August synthetic sessions
SYN-S1432,landing_session,2026-08-01T09:00:00,August synthetic sessions
SYN-S1433,landing_session,2026-08-01T09:00:00,August synthetic sessions
SYN-S1434,landing_session,2026-08-01T09:00:00,August synthetic sessions
SYN-S1435,landing_session,2026-08-01T09:00:00,August synthetic sessions
SYN-S1436,landing_session,2026-08-01T09:00:00,August synthetic sessions
SYN-S1437,landing_session,2026-08-01T09:00:00,August synthetic sessions
SYN-S1438,landing_session,2026-08-01T09:00:00,August synthetic sessions
SYN-S1439,landing_session,2026-08-01T09:00:00,August synthetic sessions
SYN-S1440,landing_session,2026-08-01T09:00:00,August synthetic sessions
SYN-S1441,landing_session,2026-08-01T09:00:00,August synthetic sessions
SYN-S1442,landing_session,2026-08-01T09:00:00,August synthetic sessions
SYN-S1443,landing_session,2026-08-01T09:00:00,August synthetic sessions
SYN-S1444,landing_session,2026-08-01T09:00:00,August synthetic sessions
SYN-S1445,landing_session,2026-08-01T09:00:00,August synthetic sessions
SYN-S1446,landing_session,2026-08-01T09:00:00,August synthetic sessions
SYN-S1447,landing_session,2026-08-01T09:00:00,August synthetic sessions
SYN-S1448,landing_session,2026-08-01T09:00:00,August synthetic sessions
SYN-S1449,landing_session,2026-08-01T09:00:00,August synthetic sessions
SYN-S1450,landing_session,2026-08-01T09:00:00,August synthetic sessions
SYN-S1451,landing_session,2026-08-01T09:00:00,August synthetic sessions
SYN-S1452,landing_session,2026-08-01T09:00:00,August synthetic sessions
SYN-S1453,landing_session,2026-08-01T09:00:00,August synthetic sessions
SYN-S1454,landing_session,2026-08-01T09:00:00,August synthetic sessions
SYN-S1455,landing_session,2026-08-01T09:00:00,August synthetic sessions
SYN-S1456,landing_session,2026-08-01T09:00:00,August synthetic sessions
SYN-S1457,landing_session,2026-08-01T09:00:00,August synthetic sessions
SYN-S1458,landing_session,2026-08-01T09:00:00,August synthetic sessions
SYN-S1459,landing_session,2026-08-01T09:00:00,August synthetic sessions
SYN-S1460,landing_session,2026-08-01T09:00:00,August synthetic sessions
SYN-S1461,landing_session,2026-08-01T09:00:00,August synthetic sessions
SYN-S1462,landing_session,2026-08-01T09:00:00,August synthetic sessions
SYN-S1463,landing_session,2026-08-01T09:00:00,August synthetic sessions
SYN-S1464,landing_session,2026-08-01T09:00:00,August synthetic sessions
SYN-S1465,landing_session,2026-08-01T09:00:00,August synthetic sessions
SYN-S1466,landing_session,2026-08-01T09:00:00,August synthetic sessions
SYN-S1467,landing_session,2026-08-01T09:00:00,August synthetic sessions
SYN-S1468,landing_session,2026-08-01T09:00:00,August synthetic sessions
SYN-S1469,landing_session,2026-08-01T09:00:00,August synthetic sessions
SYN-S1470,landing_session,2026-08-01T09:00:00,August synthetic sessions
SYN-S1471,landing_session,2026-08-01T09:00:00,August synthetic sessions
SYN-S1472,landing_session,2026-08-01T09:00:00,August synthetic sessions
SYN-S1473,landing_session,2026-08-01T09:00:00,August synthetic sessions
SYN-S1474,landing_session,2026-08-01T09:00:00,August synthetic sessions
SYN-S1475,landing_session,2026-08-01T09:00:00,August synthetic sessions
SYN-S1476,landing_session,2026-08-01T09:00:00,August synthetic sessions
SYN-S1477,landing_session,2026-08-01T09:00:00,August synthetic sessions
SYN-S1478,landing_session,2026-08-01T09:00:00,August synthetic sessions
SYN-S1479,landing_session,2026-08-01T09:00:00,August synthetic sessions
SYN-S1480,landing_session,2026-08-01T09:00:00,August synthetic sessions
SYN-S1481,landing_session,2026-08-01T09:00:00,August synthetic sessions
SYN-S1482,landing_session,2026-08-01T09:00:00,August synthetic sessions
SYN-S1483,landing_session,2026-08-01T09:00:00,August synthetic sessions
SYN-S1484,landing_session,2026-08-01T09:00:00,August synthetic sessions
SYN-S1485,landing_session,2026-08-01T09:00:00,August synthetic sessions
SYN-S1486,landing_session,2026-08-01T09:00:00,August synthetic sessions
SYN-S1487,landing_session,2026-08-01T09:00:00,August synthetic sessions
SYN-S1488,landing_session,2026-08-01T09:00:00,August synthetic sessions
SYN-S1489,landing_session,2026-08-01T09:00:00,August synthetic sessions
SYN-S1490,landing_session,2026-08-01T09:00:00,August synthetic sessions
SYN-S1491,landing_session,2026-08-01T09:00:00,August synthetic sessions
SYN-S1492,landing_session,2026-08-01T09:00:00,August synthetic sessions
SYN-S1493,landing_session,2026-08-01T09:00:00,August synthetic sessions
SYN-S1494,landing_session,2026-08-01T09:00:00,August synthetic sessions
SYN-S1495,landing_session,2026-08-01T09:00:00,August synthetic sessions
SYN-S1496,landing_session,2026-08-01T09:00:00,August synthetic sessions
SYN-S1497,landing_session,2026-08-01T09:00:00,August synthetic sessions
SYN-S1498,landing_session,2026-08-01T09:00:00,August synthetic sessions
SYN-S1499,landing_session,2026-08-01T09:00:00,August synthetic sessions
SYN-S1500,landing_session,2026-08-01T09:00:00,August synthetic sessions
SYN-S1501,landing_session,2026-08-01T09:00:00,August synthetic sessions
SYN-S1502,landing_session,2026-08-01T09:00:00,August synthetic sessions
SYN-S1503,landing_session,2026-08-01T09:00:00,August synthetic sessions
SYN-S1504,landing_session,2026-08-01T09:00:00,August synthetic sessions
SYN-S1505,landing_session,2026-08-01T09:00:00,August synthetic sessions
SYN-S1506,landing_session,2026-08-01T09:00:00,August synthetic sessions
SYN-S1507,landing_session,2026-08-01T09:00:00,August synthetic sessions
SYN-S1508,landing_session,2026-08-01T09:00:00,August synthetic sessions
SYN-S1509,landing_session,2026-08-01T09:00:00,August synthetic sessions
SYN-S1510,landing_session,2026-08-01T09:00:00,August synthetic sessions
SYN-S1511,landing_session,2026-08-01T09:00:00,August synthetic sessions
SYN-S1512,landing_session,2026-08-01T09:00:00,August synthetic sessions
SYN-S1513,landing_session,2026-08-01T09:00:00,August synthetic sessions
SYN-S1514,landing_session,2026-08-01T09:00:00,August synthetic sessions
SYN-S1515,landing_session,2026-08-01T09:00:00,August synthetic sessions
SYN-S1516,landing_session,2026-08-01T09:00:00,August synthetic sessions
SYN-S1517,landing_session,2026-08-01T09:00:00,August synthetic sessions
SYN-S1518,landing_session,2026-08-01T09:00:00,August synthetic sessions
SYN-S1519,landing_session,2026-08-01T09:00:00,August synthetic sessions
SYN-S1520,landing_session,2026-08-01T09:00:00,August synthetic sessions
SYN-S1521,landing_session,2026-08-01T09:00:00,August synthetic sessions
SYN-S1522,landing_session,2026-08-01T09:00:00,August synthetic sessions
SYN-S1523,landing_session,2026-08-01T09:00:00,August synthetic sessions
SYN-S1524,landing_session,2026-08-01T09:00:00,August synthetic sessions
SYN-S1525,landing_session,2026-08-01T09:00:00,August synthetic sessions
SYN-S1526,landing_session,2026-08-01T09:00:00,August synthetic sessions
SYN-S1527,landing_session,2026-08-01T09:00:00,August synthetic sessions
SYN-S1528,landing_session,2026-08-01T09:00:00,August synthetic sessions
SYN-S1529,landing_session,2026-08-01T09:00:00,August synthetic sessions
SYN-S1530,landing_session,2026-08-01T09:00:00,August synthetic sessions
SYN-S1531,landing_session,2026-08-01T09:00:00,August synthetic sessions
SYN-S1532,landing_session,2026-08-01T09:00:00,August synthetic sessions
SYN-S1533,landing_session,2026-08-01T09:00:00,August synthetic sessions
SYN-S1534,landing_session,2026-08-01T09:00:00,August synthetic sessions
SYN-S1535,landing_session,2026-08-01T09:00:00,August synthetic sessions
SYN-S1536,landing_session,2026-08-01T09:00:00,August synthetic sessions
SYN-S1537,landing_session,2026-08-01T09:00:00,August synthetic sessions
SYN-S1538,landing_session,2026-08-01T09:00:00,August synthetic sessions
SYN-S1539,landing_session,2026-08-01T09:00:00,August synthetic sessions
SYN-S1540,landing_session,2026-08-01T09:00:00,August synthetic sessions
SYN-S1541,landing_session,2026-08-01T09:00:00,August synthetic sessions
SYN-S1542,landing_session,2026-08-01T09:00:00,August synthetic sessions
SYN-S1543,landing_session,2026-08-01T09:00:00,August synthetic sessions
SYN-S1544,landing_session,2026-08-01T09:00:00,August synthetic sessions
SYN-S1545,landing_session,2026-08-01T09:00:00,August synthetic sessions
SYN-S1546,landing_session,2026-08-01T09:00:00,August synthetic sessions
SYN-S1547,landing_session,2026-08-01T09:00:00,August synthetic sessions
SYN-S1548,landing_session,2026-08-01T09:00:00,August synthetic sessions
SYN-S1549,landing_session,2026-08-01T09:00:00,August synthetic sessions
SYN-S1550,landing_session,2026-08-01T09:00:00,August synthetic sessions
SYN-S1551,landing_session,2026-08-01T09:00:00,August synthetic sessions
SYN-S1552,landing_session,2026-08-01T09:00:00,August synthetic sessions
SYN-S1553,landing_session,2026-08-01T09:00:00,August synthetic sessions
SYN-S1554,landing_session,2026-08-01T09:00:00,August synthetic sessions
SYN-S1555,landing_session,2026-08-01T09:00:00,August synthetic sessions
SYN-S1556,landing_session,2026-08-01T09:00:00,August synthetic sessions
SYN-S1557,landing_session,2026-08-01T09:00:00,August synthetic sessions
SYN-S1558,landing_session,2026-08-01T09:00:00,August synthetic sessions
SYN-S1559,landing_session,2026-08-01T09:00:00,August synthetic sessions
SYN-S1560,landing_session,2026-08-01T09:00:00,August synthetic sessions
SYN-S1561,landing_session,2026-08-01T09:00:00,August synthetic sessions
SYN-S1562,landing_session,2026-08-01T09:00:00,August synthetic sessions
SYN-S1563,landing_session,2026-08-01T09:00:00,August synthetic sessions
SYN-S1564,landing_session,2026-08-01T09:00:00,August synthetic sessions
SYN-S1565,landing_session,2026-08-01T09:00:00,August synthetic sessions
SYN-S1566,landing_session,2026-08-01T09:00:00,August synthetic sessions
SYN-S1567,landing_session,2026-08-01T09:00:00,August synthetic sessions
SYN-S1568,landing_session,2026-08-01T09:00:00,August synthetic sessions
SYN-S1569,landing_session,2026-08-01T09:00:00,August synthetic sessions
SYN-S1570,landing_session,2026-08-01T09:00:00,August synthetic sessions
SYN-S1571,landing_session,2026-08-01T09:00:00,August synthetic sessions
SYN-S1572,landing_session,2026-08-01T09:00:00,August synthetic sessions
SYN-S1573,landing_session,2026-08-01T09:00:00,August synthetic sessions
SYN-S1574,landing_session,2026-08-01T09:00:00,August synthetic sessions
SYN-S1575,landing_session,2026-08-01T09:00:00,August synthetic sessions
SYN-S1576,landing_session,2026-08-01T09:00:00,August synthetic sessions
SYN-S1577,landing_session,2026-08-01T09:00:00,August synthetic sessions
SYN-S1578,landing_session,2026-08-01T09:00:00,August synthetic sessions
SYN-S1579,landing_session,2026-08-01T09:00:00,August synthetic sessions
SYN-S1580,landing_session,2026-08-01T09:00:00,August synthetic sessions
SYN-S1581,landing_session,2026-08-01T09:00:00,August synthetic sessions
SYN-S1582,landing_session,2026-08-01T09:00:00,August synthetic sessions
SYN-S1583,landing_session,2026-08-01T09:00:00,August synthetic sessions
SYN-S1584,landing_session,2026-08-01T09:00:00,August synthetic sessions
SYN-S1585,landing_session,2026-08-01T09:00:00,August synthetic sessions
SYN-S1586,landing_session,2026-08-01T09:00:00,August synthetic sessions
SYN-S1587,landing_session,2026-08-01T09:00:00,August synthetic sessions
SYN-S1588,landing_session,2026-08-01T09:00:00,August synthetic sessions
SYN-S1589,landing_session,2026-08-01T09:00:00,August synthetic sessions
SYN-S1590,landing_session,2026-08-01T09:00:00,August synthetic sessions
SYN-S1591,landing_session,2026-08-01T09:00:00,August synthetic sessions
SYN-S1592,landing_session,2026-08-01T09:00:00,August synthetic sessions
SYN-S1593,landing_session,2026-08-01T09:00:00,August synthetic sessions
SYN-S1594,landing_session,2026-08-01T09:00:00,August synthetic sessions
SYN-S1595,landing_session,2026-08-01T09:00:00,August synthetic sessions
SYN-S1596,landing_session,2026-08-01T09:00:00,August synthetic sessions
SYN-S1597,landing_session,2026-08-01T09:00:00,August synthetic sessions
SYN-S1598,landing_session,2026-08-01T09:00:00,August synthetic sessions
SYN-S1599,landing_session,2026-08-01T09:00:00,August synthetic sessions
SYN-S1600,landing_session,2026-08-01T09:00:00,August synthetic sessions
SYN-S1601,landing_session,2026-08-01T09:00:00,August synthetic sessions
SYN-S1602,landing_session,2026-08-01T09:00:00,August synthetic sessions
SYN-S1603,landing_session,2026-08-01T09:00:00,August synthetic sessions
SYN-S1604,landing_session,2026-08-01T09:00:00,August synthetic sessions
SYN-S1605,landing_session,2026-08-01T09:00:00,August synthetic sessions
SYN-S1606,landing_session,2026-08-01T09:00:00,August synthetic sessions
SYN-S1607,landing_session,2026-08-01T09:00:00,August synthetic sessions
SYN-S1608,landing_session,2026-08-01T09:00:00,August synthetic sessions
SYN-S1609,landing_session,2026-08-01T09:00:00,August synthetic sessions
SYN-S1610,landing_session,2026-08-01T09:00:00,August synthetic sessions
SYN-S1611,landing_session,2026-08-01T09:00:00,August synthetic sessions
SYN-S1612,landing_session,2026-08-01T09:00:00,August synthetic sessions
SYN-S1613,landing_session,2026-08-01T09:00:00,August synthetic sessions
SYN-S1614,landing_session,2026-08-01T09:00:00,August synthetic sessions
SYN-S1615,landing_session,2026-08-01T09:00:00,August synthetic sessions
SYN-S1616,landing_session,2026-08-01T09:00:00,August synthetic sessions
SYN-S1617,landing_session,2026-08-01T09:00:00,August synthetic sessions
SYN-S1618,landing_session,2026-08-01T09:00:00,August synthetic sessions
SYN-S1619,landing_session,2026-08-01T09:00:00,August synthetic sessions
SYN-S1620,landing_session,2026-08-01T09:00:00,August synthetic sessions
SYN-S1621,landing_session,2026-08-01T09:00:00,August synthetic sessions
SYN-S1622,landing_session,2026-08-01T09:00:00,August synthetic sessions
SYN-S1623,landing_session,2026-08-01T09:00:00,August synthetic sessions
SYN-S1624,landing_session,2026-08-01T09:00:00,August synthetic sessions
SYN-S1625,landing_session,2026-08-01T09:00:00,August synthetic sessions
SYN-S1626,landing_session,2026-08-01T09:00:00,August synthetic sessions
SYN-S1627,landing_session,2026-08-01T09:00:00,August synthetic sessions
SYN-S1628,landing_session,2026-08-01T09:00:00,August synthetic sessions
SYN-S1629,landing_session,2026-08-01T09:00:00,August synthetic sessions
SYN-S1630,landing_session,2026-08-01T09:00:00,August synthetic sessions
SYN-S1631,landing_session,2026-08-01T09:00:00,August synthetic sessions
SYN-S1632,landing_session,2026-08-01T09:00:00,August synthetic sessions
SYN-S1633,landing_session,2026-08-01T09:00:00,August synthetic sessions
SYN-S1634,landing_session,2026-08-01T09:00:00,August synthetic sessions
SYN-S1635,landing_session,2026-08-01T09:00:00,August synthetic sessions
SYN-S1636,landing_session,2026-08-01T09:00:00,August synthetic sessions
SYN-S1637,landing_session,2026-08-01T09:00:00,August synthetic sessions
SYN-S1638,landing_session,2026-08-01T09:00:00,August synthetic sessions
SYN-S1639,landing_session,2026-08-01T09:00:00,August synthetic sessions
SYN-S1640,landing_session,2026-08-01T09:00:00,August synthetic sessions
SYN-S1641,landing_session,2026-08-01T09:00:00,August synthetic sessions
SYN-S1642,landing_session,2026-08-01T09:00:00,August synthetic sessions
SYN-S1643,landing_session,2026-08-01T09:00:00,August synthetic sessions
SYN-S1644,landing_session,2026-08-01T09:00:00,August synthetic sessions
SYN-S1645,landing_session,2026-08-01T09:00:00,August synthetic sessions
SYN-S1646,landing_session,2026-08-01T09:00:00,August synthetic sessions
SYN-S1647,landing_session,2026-08-01T09:00:00,August synthetic sessions
SYN-S1648,landing_session,2026-08-01T09:00:00,August synthetic sessions
SYN-S1649,landing_session,2026-08-01T09:00:00,August synthetic sessions
SYN-S1650,landing_session,2026-08-01T09:00:00,August synthetic sessions
SYN-S1651,landing_session,2026-08-01T09:00:00,August synthetic sessions
SYN-S1652,landing_session,2026-08-01T09:00:00,August synthetic sessions
SYN-S1653,landing_session,2026-08-01T09:00:00,August synthetic sessions
SYN-S1654,landing_session,2026-08-01T09:00:00,August synthetic sessions
SYN-S1655,landing_session,2026-08-01T09:00:00,August synthetic sessions
SYN-S1656,landing_session,2026-08-01T09:00:00,August synthetic sessions
SYN-S1657,landing_session,2026-08-01T09:00:00,August synthetic sessions
SYN-S1658,landing_session,2026-08-01T09:00:00,August synthetic sessions
SYN-S1659,landing_session,2026-08-01T09:00:00,August synthetic sessions
SYN-S1660,landing_session,2026-08-01T09:00:00,August synthetic sessions
SYN-S1661,landing_session,2026-08-01T09:00:00,August synthetic sessions
SYN-S1662,landing_session,2026-08-01T09:00:00,August synthetic sessions
SYN-S1663,landing_session,2026-08-01T09:00:00,August synthetic sessions
SYN-S1664,landing_session,2026-08-01T09:00:00,August synthetic sessions
SYN-S1665,landing_session,2026-08-01T09:00:00,August synthetic sessions
SYN-S1666,landing_session,2026-08-01T09:00:00,August synthetic sessions
SYN-S1667,landing_session,2026-08-01T09:00:00,August synthetic sessions
SYN-S1668,landing_session,2026-08-01T09:00:00,August synthetic sessions
SYN-S1669,landing_session,2026-08-01T09:00:00,August synthetic sessions
SYN-S1670,landing_session,2026-08-01T09:00:00,August synthetic sessions
SYN-S1671,landing_session,2026-08-01T09:00:00,August synthetic sessions
SYN-S1672,landing_session,2026-08-01T09:00:00,August synthetic sessions
SYN-S1673,landing_session,2026-08-01T09:00:00,August synthetic sessions
SYN-S1674,landing_session,2026-08-01T09:00:00,August synthetic sessions
SYN-S1675,landing_session,2026-08-01T09:00:00,August synthetic sessions
SYN-S1676,landing_session,2026-08-01T09:00:00,August synthetic sessions
SYN-S1677,landing_session,2026-08-01T09:00:00,August synthetic sessions
SYN-S1678,landing_session,2026-08-01T09:00:00,August synthetic sessions
SYN-S1679,landing_session,2026-08-01T09:00:00,August synthetic sessions
SYN-S1680,landing_session,2026-08-01T09:00:00,August synthetic sessions
SYN-S1681,landing_session,2026-08-01T09:00:00,August synthetic sessions
SYN-S1682,landing_session,2026-08-01T09:00:00,August synthetic sessions
SYN-S1683,landing_session,2026-08-01T09:00:00,August synthetic sessions
SYN-S1684,landing_session,2026-08-01T09:00:00,August synthetic sessions
SYN-S1685,landing_session,2026-08-01T09:00:00,August synthetic sessions
SYN-S1686,landing_session,2026-08-01T09:00:00,August synthetic sessions
SYN-S1687,landing_session,2026-08-01T09:00:00,August synthetic sessions
SYN-S1688,landing_session,2026-08-01T09:00:00,August synthetic sessions
SYN-S1689,landing_session,2026-08-01T09:00:00,August synthetic sessions
SYN-S1690,landing_session,2026-08-01T09:00:00,August synthetic sessions
SYN-S1691,landing_session,2026-08-01T09:00:00,August synthetic sessions
SYN-S1692,landing_session,2026-08-01T09:00:00,August synthetic sessions
SYN-S1693,landing_session,2026-08-01T09:00:00,August synthetic sessions
SYN-S1694,landing_session,2026-08-01T09:00:00,August synthetic sessions
SYN-S1695,landing_session,2026-08-01T09:00:00,August synthetic sessions
SYN-S1696,landing_session,2026-08-01T09:00:00,August synthetic sessions
SYN-S1697,landing_session,2026-08-01T09:00:00,August synthetic sessions
SYN-S1698,landing_session,2026-08-01T09:00:00,August synthetic sessions
SYN-S1699,landing_session,2026-08-01T09:00:00,August synthetic sessions
SYN-S1700,landing_session,2026-08-01T09:00:00,August synthetic sessions
SYN-S1701,landing_session,2026-08-01T09:00:00,August synthetic sessions
SYN-S1702,landing_session,2026-08-01T09:00:00,August synthetic sessions
SYN-S1703,landing_session,2026-08-01T09:00:00,August synthetic sessions
SYN-S1704,landing_session,2026-08-01T09:00:00,August synthetic sessions
SYN-S1705,landing_session,2026-08-01T09:00:00,August synthetic sessions
SYN-S1706,landing_session,2026-08-01T09:00:00,August synthetic sessions
SYN-S1707,landing_session,2026-08-01T09:00:00,August synthetic sessions
SYN-S1708,landing_session,2026-08-01T09:00:00,August synthetic sessions
SYN-S1709,landing_session,2026-08-01T09:00:00,August synthetic sessions
SYN-S1710,landing_session,2026-08-01T09:00:00,August synthetic sessions
SYN-S1711,landing_session,2026-08-01T09:00:00,August synthetic sessions
SYN-S1712,landing_session,2026-08-01T09:00:00,August synthetic sessions
SYN-S1713,landing_session,2026-08-01T09:00:00,August synthetic sessions
SYN-S1714,landing_session,2026-08-01T09:00:00,August synthetic sessions
SYN-S1715,landing_session,2026-08-01T09:00:00,August synthetic sessions
SYN-S1716,landing_session,2026-08-01T09:00:00,August synthetic sessions
SYN-S1717,landing_session,2026-08-01T09:00:00,August synthetic sessions
SYN-S1718,landing_session,2026-08-01T09:00:00,August synthetic sessions
SYN-S1719,landing_session,2026-08-01T09:00:00,August synthetic sessions
SYN-S1720,landing_session,2026-08-01T09:00:00,August synthetic sessions
SYN-S1721,landing_session,2026-08-01T09:00:00,August synthetic sessions
SYN-S1722,landing_session,2026-08-01T09:00:00,August synthetic sessions
SYN-S1723,landing_session,2026-08-01T09:00:00,August synthetic sessions
SYN-S1724,landing_session,2026-08-01T09:00:00,August synthetic sessions
SYN-S1725,landing_session,2026-08-01T09:00:00,August synthetic sessions
SYN-S1726,landing_session,2026-08-01T09:00:00,August synthetic sessions
SYN-S1727,landing_session,2026-08-01T09:00:00,August synthetic sessions
SYN-S1728,landing_session,2026-08-01T09:00:00,August synthetic sessions
SYN-S1729,landing_session,2026-08-01T09:00:00,August synthetic sessions
SYN-S1730,landing_session,2026-08-01T09:00:00,August synthetic sessions
SYN-S1731,landing_session,2026-08-01T09:00:00,August synthetic sessions
SYN-S1732,landing_session,2026-08-01T09:00:00,August synthetic sessions
SYN-S1733,landing_session,2026-08-01T09:00:00,August synthetic sessions
SYN-S1734,landing_session,2026-08-01T09:00:00,August synthetic sessions
SYN-S1735,landing_session,2026-08-01T09:00:00,August synthetic sessions
SYN-S1736,landing_session,2026-08-01T09:00:00,August synthetic sessions
SYN-S1737,landing_session,2026-08-01T09:00:00,August synthetic sessions
SYN-S1738,landing_session,2026-08-01T09:00:00,August synthetic sessions
SYN-S1739,landing_session,2026-08-01T09:00:00,August synthetic sessions
SYN-S1740,landing_session,2026-08-01T09:00:00,August synthetic sessions
SYN-S1741,landing_session,2026-08-01T09:00:00,August synthetic sessions
SYN-S1742,landing_session,2026-08-01T09:00:00,August synthetic sessions
SYN-S1743,landing_session,2026-08-01T09:00:00,August synthetic sessions
SYN-S1744,landing_session,2026-08-01T09:00:00,August synthetic sessions
SYN-S1745,landing_session,2026-08-01T09:00:00,August synthetic sessions
SYN-S1746,landing_session,2026-08-01T09:00:00,August synthetic sessions
SYN-S1747,landing_session,2026-08-01T09:00:00,August synthetic sessions
SYN-S1748,landing_session,2026-08-01T09:00:00,August synthetic sessions
SYN-S1749,landing_session,2026-08-01T09:00:00,August synthetic sessions
SYN-S1750,landing_session,2026-08-01T09:00:00,August synthetic sessions
SYN-S1751,landing_session,2026-08-01T09:00:00,August synthetic sessions
SYN-S1752,landing_session,2026-08-01T09:00:00,August synthetic sessions
SYN-S1753,landing_session,2026-08-01T09:00:00,August synthetic sessions
SYN-S1754,landing_session,2026-08-01T09:00:00,August synthetic sessions
SYN-S1755,landing_session,2026-08-01T09:00:00,August synthetic sessions
SYN-S1756,landing_session,2026-08-01T09:00:00,August synthetic sessions
SYN-S1757,landing_session,2026-08-01T09:00:00,August synthetic sessions
SYN-S1758,landing_session,2026-08-01T09:00:00,August synthetic sessions
SYN-S1759,landing_session,2026-08-01T09:00:00,August synthetic sessions
SYN-S1760,landing_session,2026-08-01T09:00:00,August synthetic sessions
SYN-S1761,landing_session,2026-08-01T09:00:00,August synthetic sessions
SYN-S1762,landing_session,2026-08-01T09:00:00,August synthetic sessions
SYN-S1763,landing_session,2026-08-01T09:00:00,August synthetic sessions
SYN-S1764,landing_session,2026-08-01T09:00:00,August synthetic sessions
SYN-S1765,landing_session,2026-08-01T09:00:00,August synthetic sessions
SYN-S1766,landing_session,2026-08-01T09:00:00,August synthetic sessions
SYN-S1767,landing_session,2026-08-01T09:00:00,August synthetic sessions
SYN-S1768,landing_session,2026-08-01T09:00:00,August synthetic sessions
SYN-S1769,landing_session,2026-08-01T09:00:00,August synthetic sessions
SYN-S1770,landing_session,2026-08-01T09:00:00,August synthetic sessions
SYN-S1771,landing_session,2026-08-01T09:00:00,August synthetic sessions
SYN-S1772,landing_session,2026-08-01T09:00:00,August synthetic sessions
SYN-S1773,landing_session,2026-08-01T09:00:00,August synthetic sessions
SYN-S1774,landing_session,2026-08-01T09:00:00,August synthetic sessions
SYN-S1775,landing_session,2026-08-01T09:00:00,August synthetic sessions
SYN-S1776,landing_session,2026-08-01T09:00:00,August synthetic sessions
SYN-S1777,landing_session,2026-08-01T09:00:00,August synthetic sessions
SYN-S1778,landing_session,2026-08-01T09:00:00,August synthetic sessions
SYN-S1779,landing_session,2026-08-01T09:00:00,August synthetic sessions
SYN-S1780,landing_session,2026-08-01T09:00:00,August synthetic sessions
SYN-S1781,landing_session,2026-08-01T09:00:00,August synthetic sessions
SYN-S1782,landing_session,2026-08-01T09:00:00,August synthetic sessions
SYN-S1783,landing_session,2026-08-01T09:00:00,August synthetic sessions
SYN-S1784,landing_session,2026-08-01T09:00:00,August synthetic sessions
SYN-S1785,landing_session,2026-08-01T09:00:00,August synthetic sessions
SYN-S1786,landing_session,2026-08-01T09:00:00,August synthetic sessions
SYN-S1787,landing_session,2026-08-01T09:00:00,August synthetic sessions
SYN-S1788,landing_session,2026-08-01T09:00:00,August synthetic sessions
SYN-S1789,landing_session,2026-08-01T09:00:00,August synthetic sessions
SYN-S1790,landing_session,2026-08-01T09:00:00,August synthetic sessions
SYN-S1791,landing_session,2026-08-01T09:00:00,August synthetic sessions
SYN-S1792,landing_session,2026-08-01T09:00:00,August synthetic sessions
SYN-S1793,landing_session,2026-08-01T09:00:00,August synthetic sessions
SYN-S1794,landing_session,2026-08-01T09:00:00,August synthetic sessions
SYN-S1795,landing_session,2026-08-01T09:00:00,August synthetic sessions
SYN-S1796,landing_session,2026-08-01T09:00:00,August synthetic sessions
SYN-S1797,landing_session,2026-08-01T09:00:00,August synthetic sessions
SYN-S1798,landing_session,2026-08-01T09:00:00,August synthetic sessions
SYN-S1799,landing_session,2026-08-01T09:00:00,August synthetic sessions
SYN-S1800,landing_session,2026-08-01T09:00:00,August synthetic sessions
SYN-S1801,landing_session,2026-08-01T09:00:00,August synthetic sessions
SYN-S1802,landing_session,2026-08-01T09:00:00,August synthetic sessions
SYN-S1803,landing_session,2026-08-01T09:00:00,August synthetic sessions
SYN-S1804,landing_session,2026-08-01T09:00:00,August synthetic sessions
SYN-S1805,landing_session,2026-08-01T09:00:00,August synthetic sessions
SYN-S1806,landing_session,2026-08-01T09:00:00,August synthetic sessions
SYN-S1807,landing_session,2026-08-01T09:00:00,August synthetic sessions
SYN-S1808,landing_session,2026-08-01T09:00:00,August synthetic sessions
SYN-S1809,landing_session,2026-08-01T09:00:00,August synthetic sessions
SYN-S1810,landing_session,2026-08-01T09:00:00,August synthetic sessions
SYN-S1811,landing_session,2026-08-01T09:00:00,August synthetic sessions
SYN-S1812,landing_session,2026-08-01T09:00:00,August synthetic sessions
SYN-S1813,landing_session,2026-08-01T09:00:00,August synthetic sessions
SYN-S1814,landing_session,2026-08-01T09:00:00,August synthetic sessions
SYN-S1815,landing_session,2026-08-01T09:00:00,August synthetic sessions
SYN-S1816,landing_session,2026-08-01T09:00:00,August synthetic sessions
SYN-S1817,landing_session,2026-08-01T09:00:00,August synthetic sessions
SYN-S1818,landing_session,2026-08-01T09:00:00,August synthetic sessions
SYN-S1819,landing_session,2026-08-01T09:00:00,August synthetic sessions
SYN-S1820,landing_session,2026-08-01T09:00:00,August synthetic sessions
SYN-S1821,landing_session,2026-08-01T09:00:00,August synthetic sessions
SYN-S1822,landing_session,2026-08-01T09:00:00,August synthetic sessions
SYN-S1823,landing_session,2026-08-01T09:00:00,August synthetic sessions
SYN-S1824,landing_session,2026-08-01T09:00:00,August synthetic sessions
SYN-S1825,landing_session,2026-08-01T09:00:00,August synthetic sessions
SYN-S1826,landing_session,2026-08-01T09:00:00,August synthetic sessions
SYN-S1827,landing_session,2026-08-01T09:00:00,August synthetic sessions
SYN-S1828,landing_session,2026-08-01T09:00:00,August synthetic sessions
SYN-S1829,landing_session,2026-08-01T09:00:00,August synthetic sessions
SYN-S1830,landing_session,2026-08-01T09:00:00,August synthetic sessions
SYN-S1831,landing_session,2026-08-01T09:00:00,August synthetic sessions
SYN-S1832,landing_session,2026-08-01T09:00:00,August synthetic sessions
SYN-S1833,landing_session,2026-08-01T09:00:00,August synthetic sessions
SYN-S1834,landing_session,2026-08-01T09:00:00,August synthetic sessions
SYN-S1835,landing_session,2026-08-01T09:00:00,August synthetic sessions
SYN-S1836,landing_session,2026-08-01T09:00:00,August synthetic sessions
SYN-S1837,landing_session,2026-08-01T09:00:00,August synthetic sessions
SYN-S1838,landing_session,2026-08-01T09:00:00,August synthetic sessions
SYN-S1839,landing_session,2026-08-01T09:00:00,August synthetic sessions
SYN-S1840,landing_session,2026-08-01T09:00:00,August synthetic sessions
SYN-S1841,landing_session,2026-08-01T09:00:00,August synthetic sessions
SYN-S1842,landing_session,2026-08-01T09:00:00,August synthetic sessions
SYN-S1843,landing_session,2026-08-01T09:00:00,August synthetic sessions
SYN-S1844,landing_session,2026-08-01T09:00:00,August synthetic sessions
SYN-S1845,landing_session,2026-08-01T09:00:00,August synthetic sessions
SYN-S1846,landing_session,2026-08-01T09:00:00,August synthetic sessions
SYN-S1847,landing_session,2026-08-01T09:00:00,August synthetic sessions
SYN-S1848,landing_session,2026-08-01T09:00:00,August synthetic sessions
SYN-S1849,landing_session,2026-08-01T09:00:00,August synthetic sessions
SYN-S1850,landing_session,2026-08-01T09:00:00,August synthetic sessions
SYN-S1851,landing_session,2026-08-01T09:00:00,August synthetic sessions
SYN-S1852,landing_session,2026-08-01T09:00:00,August synthetic sessions
SYN-S1853,landing_session,2026-08-01T09:00:00,August synthetic sessions
SYN-S1854,landing_session,2026-08-01T09:00:00,August synthetic sessions
SYN-S1855,landing_session,2026-08-01T09:00:00,August synthetic sessions
SYN-S1856,landing_session,2026-08-01T09:00:00,August synthetic sessions
SYN-S1857,landing_session,2026-08-01T09:00:00,August synthetic sessions
SYN-S1858,landing_session,2026-08-01T09:00:00,August synthetic sessions
SYN-S1859,landing_session,2026-08-01T09:00:00,August synthetic sessions
SYN-S1860,landing_session,2026-08-01T09:00:00,August synthetic sessions
SYN-S1861,landing_session,2026-08-01T09:00:00,August synthetic sessions
SYN-S1862,landing_session,2026-08-01T09:00:00,August synthetic sessions
SYN-S1863,landing_session,2026-08-01T09:00:00,August synthetic sessions
SYN-S1864,landing_session,2026-08-01T09:00:00,August synthetic sessions
SYN-S1865,landing_session,2026-08-01T09:00:00,August synthetic sessions
SYN-S1866,landing_session,2026-08-01T09:00:00,August synthetic sessions
SYN-S1867,landing_session,2026-08-01T09:00:00,August synthetic sessions
SYN-S1868,landing_session,2026-08-01T09:00:00,August synthetic sessions
SYN-S1869,landing_session,2026-08-01T09:00:00,August synthetic sessions
SYN-S1870,landing_session,2026-08-01T09:00:00,August synthetic sessions
SYN-S1871,landing_session,2026-08-01T09:00:00,August synthetic sessions
SYN-S1872,landing_session,2026-08-01T09:00:00,August synthetic sessions
SYN-S1873,landing_session,2026-08-01T09:00:00,August synthetic sessions
SYN-S1874,landing_session,2026-08-01T09:00:00,August synthetic sessions
SYN-S1875,landing_session,2026-08-01T09:00:00,August synthetic sessions
SYN-S1876,landing_session,2026-08-01T09:00:00,August synthetic sessions
SYN-S1877,landing_session,2026-08-01T09:00:00,August synthetic sessions
SYN-S1878,landing_session,2026-08-01T09:00:00,August synthetic sessions
SYN-S1879,landing_session,2026-08-01T09:00:00,August synthetic sessions
SYN-S1880,landing_session,2026-08-01T09:00:00,August synthetic sessions
SYN-S1881,landing_session,2026-08-01T09:00:00,August synthetic sessions
SYN-S1882,landing_session,2026-08-01T09:00:00,August synthetic sessions
SYN-S1883,landing_session,2026-08-01T09:00:00,August synthetic sessions
SYN-S1884,landing_session,2026-08-01T09:00:00,August synthetic sessions
SYN-S1885,landing_session,2026-08-01T09:00:00,August synthetic sessions
SYN-S1886,landing_session,2026-08-01T09:00:00,August synthetic sessions
SYN-S1887,landing_session,2026-08-01T09:00:00,August synthetic sessions
SYN-S1888,landing_session,2026-08-01T09:00:00,August synthetic sessions
SYN-S1889,landing_session,2026-08-01T09:00:00,August synthetic sessions
SYN-S1890,landing_session,2026-08-01T09:00:00,August synthetic sessions
SYN-S1891,landing_session,2026-08-01T09:00:00,August synthetic sessions
SYN-S1892,landing_session,2026-08-01T09:00:00,August synthetic sessions
SYN-S1893,landing_session,2026-08-01T09:00:00,August synthetic sessions
SYN-S1894,landing_session,2026-08-01T09:00:00,August synthetic sessions
SYN-S1895,landing_session,2026-08-01T09:00:00,August synthetic sessions
SYN-S1896,landing_session,2026-08-01T09:00:00,August synthetic sessions
SYN-S1897,landing_session,2026-08-01T09:00:00,August synthetic sessions
SYN-S1898,landing_session,2026-08-01T09:00:00,August synthetic sessions
SYN-S1899,landing_session,2026-08-01T09:00:00,August synthetic sessions
SYN-S1900,landing_session,2026-08-01T09:00:00,August synthetic sessions
SYN-S1901,landing_session,2026-08-01T09:00:00,August synthetic sessions
SYN-S1902,landing_session,2026-08-01T09:00:00,August synthetic sessions
SYN-S1903,landing_session,2026-08-01T09:00:00,August synthetic sessions
SYN-S1904,landing_session,2026-08-01T09:00:00,August synthetic sessions
SYN-S1905,landing_session,2026-08-01T09:00:00,August synthetic sessions
SYN-S1906,landing_session,2026-08-01T09:00:00,August synthetic sessions
SYN-S1907,landing_session,2026-08-01T09:00:00,August synthetic sessions
SYN-S1908,landing_session,2026-08-01T09:00:00,August synthetic sessions
SYN-S1909,landing_session,2026-08-01T09:00:00,August synthetic sessions
SYN-S1910,landing_session,2026-08-01T09:00:00,August synthetic sessions
SYN-S1911,landing_session,2026-08-01T09:00:00,August synthetic sessions
SYN-S1912,landing_session,2026-08-01T09:00:00,August synthetic sessions
SYN-S1913,landing_session,2026-08-01T09:00:00,August synthetic sessions
SYN-S1914,landing_session,2026-08-01T09:00:00,August synthetic sessions
SYN-S1915,landing_session,2026-08-01T09:00:00,August synthetic sessions
SYN-S1916,landing_session,2026-08-01T09:00:00,August synthetic sessions
SYN-S1917,landing_session,2026-08-01T09:00:00,August synthetic sessions
SYN-S1918,landing_session,2026-08-01T09:00:00,August synthetic sessions
SYN-S1919,landing_session,2026-08-01T09:00:00,August synthetic sessions
SYN-S1920,landing_session,2026-08-01T09:00:00,August synthetic sessions
SYN-S1921,landing_session,2026-08-01T09:00:00,August synthetic sessions
SYN-S1922,landing_session,2026-08-01T09:00:00,August synthetic sessions
SYN-S1923,landing_session,2026-08-01T09:00:00,August synthetic sessions
SYN-S1924,landing_session,2026-08-01T09:00:00,August synthetic sessions
SYN-S1925,landing_session,2026-08-01T09:00:00,August synthetic sessions
SYN-S1926,landing_session,2026-08-01T09:00:00,August synthetic sessions
SYN-S1927,landing_session,2026-08-01T09:00:00,August synthetic sessions
SYN-S1928,landing_session,2026-08-01T09:00:00,August synthetic sessions
SYN-S1929,landing_session,2026-08-01T09:00:00,August synthetic sessions
SYN-S1930,landing_session,2026-08-01T09:00:00,August synthetic sessions
SYN-S1931,landing_session,2026-08-01T09:00:00,August synthetic sessions
SYN-S1932,landing_session,2026-08-01T09:00:00,August synthetic sessions
SYN-S1933,landing_session,2026-08-01T09:00:00,August synthetic sessions
SYN-S1934,landing_session,2026-08-01T09:00:00,August synthetic sessions
SYN-S1935,landing_session,2026-08-01T09:00:00,August synthetic sessions
SYN-S1936,landing_session,2026-08-01T09:00:00,August synthetic sessions
SYN-S1937,landing_session,2026-08-01T09:00:00,August synthetic sessions
SYN-S1938,landing_session,2026-08-01T09:00:00,August synthetic sessions
SYN-S1939,landing_session,2026-08-01T09:00:00,August synthetic sessions
SYN-S1940,landing_session,2026-08-01T09:00:00,August synthetic sessions
SYN-S1941,landing_session,2026-08-01T09:00:00,August synthetic sessions
SYN-S1942,landing_session,2026-08-01T09:00:00,August synthetic sessions
SYN-S1943,landing_session,2026-08-01T09:00:00,August synthetic sessions
SYN-S1944,landing_session,2026-08-01T09:00:00,August synthetic sessions
SYN-S1945,landing_session,2026-08-01T09:00:00,August synthetic sessions
SYN-S1946,landing_session,2026-08-01T09:00:00,August synthetic sessions
SYN-S1947,landing_session,2026-08-01T09:00:00,August synthetic sessions
SYN-S1948,landing_session,2026-08-01T09:00:00,August synthetic sessions
SYN-S1949,landing_session,2026-08-01T09:00:00,August synthetic sessions
SYN-S1950,landing_session,2026-08-01T09:00:00,August synthetic sessions
SYN-S1951,landing_session,2026-08-01T09:00:00,August synthetic sessions
SYN-S1952,landing_session,2026-08-01T09:00:00,August synthetic sessions
SYN-S1953,landing_session,2026-08-01T09:00:00,August synthetic sessions
SYN-S1954,landing_session,2026-08-01T09:00:00,August synthetic sessions
SYN-S1955,landing_session,2026-08-01T09:00:00,August synthetic sessions
SYN-S1956,landing_session,2026-08-01T09:00:00,August synthetic sessions
SYN-S1957,landing_session,2026-08-01T09:00:00,August synthetic sessions
SYN-S1958,landing_session,2026-08-01T09:00:00,August synthetic sessions
SYN-S1959,landing_session,2026-08-01T09:00:00,August synthetic sessions
SYN-S1960,landing_session,2026-08-01T09:00:00,August synthetic sessions
SYN-S1961,landing_session,2026-08-01T09:00:00,August synthetic sessions
SYN-S1962,landing_session,2026-08-01T09:00:00,August synthetic sessions
SYN-S1963,landing_session,2026-08-01T09:00:00,August synthetic sessions
SYN-S1964,landing_session,2026-08-01T09:00:00,August synthetic sessions
SYN-S1965,landing_session,2026-08-01T09:00:00,August synthetic sessions
SYN-S1966,landing_session,2026-08-01T09:00:00,August synthetic sessions
SYN-S1967,landing_session,2026-08-01T09:00:00,August synthetic sessions
SYN-S1968,landing_session,2026-08-01T09:00:00,August synthetic sessions
SYN-S1969,landing_session,2026-08-01T09:00:00,August synthetic sessions
SYN-S1970,landing_session,2026-08-01T09:00:00,August synthetic sessions
SYN-S1971,landing_session,2026-08-01T09:00:00,August synthetic sessions
SYN-S1972,landing_session,2026-08-01T09:00:00,August synthetic sessions
SYN-S1973,landing_session,2026-08-01T09:00:00,August synthetic sessions
SYN-S1974,landing_session,2026-08-01T09:00:00,August synthetic sessions
SYN-S1975,landing_session,2026-08-01T09:00:00,August synthetic sessions
SYN-S1976,landing_session,2026-08-01T09:00:00,August synthetic sessions
SYN-S1977,landing_session,2026-08-01T09:00:00,August synthetic sessions
SYN-S1978,landing_session,2026-08-01T09:00:00,August synthetic sessions
SYN-S1979,landing_session,2026-08-01T09:00:00,August synthetic sessions
SYN-S1980,landing_session,2026-08-01T09:00:00,August synthetic sessions
SYN-S1981,landing_session,2026-08-01T09:00:00,August synthetic sessions
SYN-S1982,landing_session,2026-08-01T09:00:00,August synthetic sessions
SYN-S1983,landing_session,2026-08-01T09:00:00,August synthetic sessions
SYN-S1984,landing_session,2026-08-01T09:00:00,August synthetic sessions
SYN-S1985,landing_session,2026-08-01T09:00:00,August synthetic sessions
SYN-S1986,landing_session,2026-08-01T09:00:00,August synthetic sessions
SYN-S1987,landing_session,2026-08-01T09:00:00,August synthetic sessions
SYN-S1988,landing_session,2026-08-01T09:00:00,August synthetic sessions
SYN-S1989,landing_session,2026-08-01T09:00:00,August synthetic sessions
SYN-S1990,landing_session,2026-08-01T09:00:00,August synthetic sessions
SYN-S1991,landing_session,2026-08-01T09:00:00,August synthetic sessions
SYN-S1992,landing_session,2026-08-01T09:00:00,August synthetic sessions
SYN-S1993,landing_session,2026-08-01T09:00:00,August synthetic sessions
SYN-S1994,landing_session,2026-08-01T09:00:00,August synthetic sessions
SYN-S1995,landing_session,2026-08-01T09:00:00,August synthetic sessions
SYN-S1996,landing_session,2026-08-01T09:00:00,August synthetic sessions
SYN-S1997,landing_session,2026-08-01T09:00:00,August synthetic sessions
SYN-S1998,landing_session,2026-08-01T09:00:00,August synthetic sessions
SYN-S1999,landing_session,2026-08-01T09:00:00,August synthetic sessions
SYN-S2000,landing_session,2026-08-01T09:00:00,August synthetic sessions
SYN-S2001,landing_session,2026-08-01T09:00:00,August synthetic sessions
SYN-S2002,landing_session,2026-08-01T09:00:00,August synthetic sessions
SYN-S2003,landing_session,2026-08-01T09:00:00,August synthetic sessions
SYN-S2004,landing_session,2026-08-01T09:00:00,August synthetic sessions
SYN-S2005,landing_session,2026-08-01T09:00:00,August synthetic sessions
SYN-S2006,landing_session,2026-08-01T09:00:00,August synthetic sessions
SYN-S2007,landing_session,2026-08-01T09:00:00,August synthetic sessions
SYN-S2008,landing_session,2026-08-01T09:00:00,August synthetic sessions
SYN-S2009,landing_session,2026-08-01T09:00:00,August synthetic sessions
SYN-S2010,landing_session,2026-08-01T09:00:00,August synthetic sessions
SYN-S2011,landing_session,2026-08-01T09:00:00,August synthetic sessions
SYN-S2012,landing_session,2026-08-01T09:00:00,August synthetic sessions
SYN-S2013,landing_session,2026-08-01T09:00:00,August synthetic sessions
SYN-S2014,landing_session,2026-08-01T09:00:00,August synthetic sessions
SYN-S2015,landing_session,2026-08-01T09:00:00,August synthetic sessions
SYN-S2016,landing_session,2026-08-01T09:00:00,August synthetic sessions
SYN-S2017,landing_session,2026-08-01T09:00:00,August synthetic sessions
SYN-S2018,landing_session,2026-08-01T09:00:00,August synthetic sessions
SYN-S2019,landing_session,2026-08-01T09:00:00,August synthetic sessions
SYN-S2020,landing_session,2026-08-01T09:00:00,August synthetic sessions
SYN-S2021,landing_session,2026-08-01T09:00:00,August synthetic sessions
SYN-S2022,landing_session,2026-08-01T09:00:00,August synthetic sessions
SYN-S2023,landing_session,2026-08-01T09:00:00,August synthetic sessions
SYN-S2024,landing_session,2026-08-01T09:00:00,August synthetic sessions
SYN-S2025,landing_session,2026-08-01T09:00:00,August synthetic sessions
SYN-S2026,landing_session,2026-08-01T09:00:00,August synthetic sessions
SYN-S2027,landing_session,2026-08-01T09:00:00,August synthetic sessions
SYN-S2028,landing_session,2026-08-01T09:00:00,August synthetic sessions
SYN-S2029,landing_session,2026-08-01T09:00:00,August synthetic sessions
SYN-S2030,landing_session,2026-08-01T09:00:00,August synthetic sessions
SYN-S2031,landing_session,2026-08-01T09:00:00,August synthetic sessions
SYN-S2032,landing_session,2026-08-01T09:00:00,August synthetic sessions
SYN-S2033,landing_session,2026-08-01T09:00:00,August synthetic sessions
SYN-S2034,landing_session,2026-08-01T09:00:00,August synthetic sessions
SYN-S2035,landing_session,2026-08-01T09:00:00,August synthetic sessions
SYN-S2036,landing_session,2026-08-01T09:00:00,August synthetic sessions
SYN-S2037,landing_session,2026-08-01T09:00:00,August synthetic sessions
SYN-S2038,landing_session,2026-08-01T09:00:00,August synthetic sessions
SYN-S2039,landing_session,2026-08-01T09:00:00,August synthetic sessions
SYN-S2040,landing_session,2026-08-01T09:00:00,August synthetic sessions
SYN-S2041,landing_session,2026-08-01T09:00:00,August synthetic sessions
SYN-S2042,landing_session,2026-08-01T09:00:00,August synthetic sessions
SYN-S2043,landing_session,2026-08-01T09:00:00,August synthetic sessions
SYN-S2044,landing_session,2026-08-01T09:00:00,August synthetic sessions
SYN-S2045,landing_session,2026-08-01T09:00:00,August synthetic sessions
SYN-S2046,landing_session,2026-08-01T09:00:00,August synthetic sessions
SYN-S2047,landing_session,2026-08-01T09:00:00,August synthetic sessions
SYN-S2048,landing_session,2026-08-01T09:00:00,August synthetic sessions
SYN-S2049,landing_session,2026-08-01T09:00:00,August synthetic sessions
SYN-S2050,landing_session,2026-08-01T09:00:00,August synthetic sessions
SYN-S2051,landing_session,2026-08-01T09:00:00,August synthetic sessions
SYN-S2052,landing_session,2026-08-01T09:00:00,August synthetic sessions
SYN-S2053,landing_session,2026-08-01T09:00:00,August synthetic sessions
SYN-S2054,landing_session,2026-08-01T09:00:00,August synthetic sessions
SYN-S2055,landing_session,2026-08-01T09:00:00,August synthetic sessions
SYN-S2056,landing_session,2026-08-01T09:00:00,August synthetic sessions
SYN-S2057,landing_session,2026-08-01T09:00:00,August synthetic sessions
SYN-S2058,landing_session,2026-08-01T09:00:00,August synthetic sessions
SYN-S2059,landing_session,2026-08-01T09:00:00,August synthetic sessions
SYN-S2060,landing_session,2026-08-01T09:00:00,August synthetic sessions
SYN-S2061,landing_session,2026-08-01T09:00:00,August synthetic sessions
SYN-S2062,landing_session,2026-08-01T09:00:00,August synthetic sessions
SYN-S2063,landing_session,2026-08-01T09:00:00,August synthetic sessions
SYN-S2064,landing_session,2026-08-01T09:00:00,August synthetic sessions
SYN-S2065,landing_session,2026-08-01T09:00:00,August synthetic sessions
SYN-S2066,landing_session,2026-08-01T09:00:00,August synthetic sessions
SYN-S2067,landing_session,2026-08-01T09:00:00,August synthetic sessions
SYN-S2068,landing_session,2026-08-01T09:00:00,August synthetic sessions
SYN-S2069,landing_session,2026-08-01T09:00:00,August synthetic sessions
SYN-S2070,landing_session,2026-08-01T09:00:00,August synthetic sessions
SYN-S2071,landing_session,2026-08-01T09:00:00,August synthetic sessions
SYN-S2072,landing_session,2026-08-01T09:00:00,August synthetic sessions
SYN-S2073,landing_session,2026-08-01T09:00:00,August synthetic sessions
SYN-S2074,landing_session,2026-08-01T09:00:00,August synthetic sessions
SYN-S2075,landing_session,2026-08-01T09:00:00,August synthetic sessions
SYN-S2076,landing_session,2026-08-01T09:00:00,August synthetic sessions
SYN-S2077,landing_session,2026-08-01T09:00:00,August synthetic sessions
SYN-S2078,landing_session,2026-08-01T09:00:00,August synthetic sessions
SYN-S2079,landing_session,2026-08-01T09:00:00,August synthetic sessions
SYN-S2080,landing_session,2026-08-01T09:00:00,August synthetic sessions
SYN-S2081,landing_session,2026-08-01T09:00:00,August synthetic sessions
SYN-S2082,landing_session,2026-08-01T09:00:00,August synthetic sessions
SYN-S2083,landing_session,2026-08-01T09:00:00,August synthetic sessions
SYN-S2084,landing_session,2026-08-01T09:00:00,August synthetic sessions
SYN-S2085,landing_session,2026-08-01T09:00:00,August synthetic sessions
SYN-S2086,landing_session,2026-08-01T09:00:00,August synthetic sessions
SYN-S2087,landing_session,2026-08-01T09:00:00,August synthetic sessions
SYN-S2088,landing_session,2026-08-01T09:00:00,August synthetic sessions
SYN-S2089,landing_session,2026-08-01T09:00:00,August synthetic sessions
SYN-S2090,landing_session,2026-08-01T09:00:00,August synthetic sessions
SYN-S2091,landing_session,2026-08-01T09:00:00,August synthetic sessions
SYN-S2092,landing_session,2026-08-01T09:00:00,August synthetic sessions
SYN-S2093,landing_session,2026-08-01T09:00:00,August synthetic sessions
SYN-S2094,landing_session,2026-08-01T09:00:00,August synthetic sessions
SYN-S2095,landing_session,2026-08-01T09:00:00,August synthetic sessions
SYN-S2096,landing_session,2026-08-01T09:00:00,August synthetic sessions
SYN-S2097,landing_session,2026-08-01T09:00:00,August synthetic sessions
SYN-S2098,landing_session,2026-08-01T09:00:00,August synthetic sessions
SYN-S2099,landing_session,2026-08-01T09:00:00,August synthetic sessions
SYN-S2100,landing_session,2026-08-01T09:00:00,August synthetic sessions
SYN-S2101,landing_session,2026-08-01T09:00:00,August synthetic sessions
SYN-S2102,landing_session,2026-08-01T09:00:00,August synthetic sessions
SYN-S2103,landing_session,2026-08-01T09:00:00,August synthetic sessions
SYN-S2104,landing_session,2026-08-01T09:00:00,August synthetic sessions
SYN-S2105,landing_session,2026-08-01T09:00:00,August synthetic sessions
SYN-S2106,landing_session,2026-08-01T09:00:00,August synthetic sessions
SYN-S2107,landing_session,2026-08-01T09:00:00,August synthetic sessions
SYN-S2108,landing_session,2026-08-01T09:00:00,August synthetic sessions
SYN-S2109,landing_session,2026-08-01T09:00:00,August synthetic sessions
SYN-S2110,landing_session,2026-08-01T09:00:00,August synthetic sessions
SYN-S2111,landing_session,2026-08-01T09:00:00,August synthetic sessions
SYN-S2112,landing_session,2026-08-01T09:00:00,August synthetic sessions
SYN-S2113,landing_session,2026-08-01T09:00:00,August synthetic sessions
SYN-S2114,landing_session,2026-08-01T09:00:00,August synthetic sessions
SYN-S2115,landing_session,2026-08-01T09:00:00,August synthetic sessions
SYN-S2116,landing_session,2026-08-01T09:00:00,August synthetic sessions
SYN-S2117,landing_session,2026-08-01T09:00:00,August synthetic sessions
SYN-S2118,landing_session,2026-08-01T09:00:00,August synthetic sessions
SYN-S2119,landing_session,2026-08-01T09:00:00,August synthetic sessions
SYN-S2120,landing_session,2026-08-01T09:00:00,August synthetic sessions
SYN-S2121,landing_session,2026-08-01T09:00:00,August synthetic sessions
SYN-S2122,landing_session,2026-08-01T09:00:00,August synthetic sessions
SYN-S2123,landing_session,2026-08-01T09:00:00,August synthetic sessions
SYN-S2124,landing_session,2026-08-01T09:00:00,August synthetic sessions
SYN-S2125,landing_session,2026-08-01T09:00:00,August synthetic sessions
SYN-S2126,landing_session,2026-08-01T09:00:00,August synthetic sessions
SYN-S2127,landing_session,2026-08-01T09:00:00,August synthetic sessions
SYN-S2128,landing_session,2026-08-01T09:00:00,August synthetic sessions
SYN-S2129,landing_session,2026-08-01T09:00:00,August synthetic sessions
SYN-S2130,landing_session,2026-08-01T09:00:00,August synthetic sessions
SYN-S2131,landing_session,2026-08-01T09:00:00,August synthetic sessions
SYN-S2132,landing_session,2026-08-01T09:00:00,August synthetic sessions
SYN-S2133,landing_session,2026-08-01T09:00:00,August synthetic sessions
SYN-S2134,landing_session,2026-08-01T09:00:00,August synthetic sessions
SYN-S2135,landing_session,2026-08-01T09:00:00,August synthetic sessions
SYN-S2136,landing_session,2026-08-01T09:00:00,August synthetic sessions
SYN-S2137,landing_session,2026-08-01T09:00:00,August synthetic sessions
SYN-S2138,landing_session,2026-08-01T09:00:00,August synthetic sessions
SYN-S2139,landing_session,2026-08-01T09:00:00,August synthetic sessions
SYN-S2140,landing_session,2026-08-01T09:00:00,August synthetic sessions
SYN-S2141,landing_session,2026-08-01T09:00:00,August synthetic sessions
SYN-S2142,landing_session,2026-08-01T09:00:00,August synthetic sessions
SYN-S2143,landing_session,2026-08-01T09:00:00,August synthetic sessions
SYN-S2144,landing_session,2026-08-01T09:00:00,August synthetic sessions
SYN-S2145,landing_session,2026-08-01T09:00:00,August synthetic sessions
SYN-S2146,landing_session,2026-08-01T09:00:00,August synthetic sessions
SYN-S2147,landing_session,2026-08-01T09:00:00,August synthetic sessions
SYN-S2148,landing_session,2026-08-01T09:00:00,August synthetic sessions
SYN-S2149,landing_session,2026-08-01T09:00:00,August synthetic sessions
SYN-S2150,landing_session,2026-08-01T09:00:00,August synthetic sessions
SYN-S2151,landing_session,2026-08-01T09:00:00,August synthetic sessions
SYN-S2152,landing_session,2026-08-01T09:00:00,August synthetic sessions
SYN-S2153,landing_session,2026-08-01T09:00:00,August synthetic sessions
SYN-S2154,landing_session,2026-08-01T09:00:00,August synthetic sessions
SYN-S2155,landing_session,2026-08-01T09:00:00,August synthetic sessions
SYN-S2156,landing_session,2026-08-01T09:00:00,August synthetic sessions
SYN-S2157,landing_session,2026-08-01T09:00:00,August synthetic sessions
SYN-S2158,landing_session,2026-08-01T09:00:00,August synthetic sessions
SYN-S2159,landing_session,2026-08-01T09:00:00,August synthetic sessions
SYN-S2160,landing_session,2026-08-01T09:00:00,August synthetic sessions
SYN-S2161,landing_session,2026-08-01T09:00:00,August synthetic sessions
SYN-S2162,landing_session,2026-08-01T09:00:00,August synthetic sessions
SYN-S2163,landing_session,2026-08-01T09:00:00,August synthetic sessions
SYN-S2164,landing_session,2026-08-01T09:00:00,August synthetic sessions
SYN-S2165,landing_session,2026-08-01T09:00:00,August synthetic sessions
SYN-S2166,landing_session,2026-08-01T09:00:00,August synthetic sessions
SYN-S2167,landing_session,2026-08-01T09:00:00,August synthetic sessions
SYN-S2168,landing_session,2026-08-01T09:00:00,August synthetic sessions
SYN-S2169,landing_session,2026-08-01T09:00:00,August synthetic sessions
SYN-S2170,landing_session,2026-08-01T09:00:00,August synthetic sessions
SYN-S2171,landing_session,2026-08-01T09:00:00,August synthetic sessions
SYN-S2172,landing_session,2026-08-01T09:00:00,August synthetic sessions
SYN-S2173,landing_session,2026-08-01T09:00:00,August synthetic sessions
SYN-S2174,landing_session,2026-08-01T09:00:00,August synthetic sessions
SYN-S2175,landing_session,2026-08-01T09:00:00,August synthetic sessions
SYN-S2176,landing_session,2026-08-01T09:00:00,August synthetic sessions
SYN-S2177,landing_session,2026-08-01T09:00:00,August synthetic sessions
SYN-S2178,landing_session,2026-08-01T09:00:00,August synthetic sessions
SYN-S2179,landing_session,2026-08-01T09:00:00,August synthetic sessions
SYN-S2180,landing_session,2026-08-01T09:00:00,August synthetic sessions
SYN-S2181,landing_session,2026-08-01T09:00:00,August synthetic sessions
SYN-S2182,landing_session,2026-08-01T09:00:00,August synthetic sessions
SYN-S2183,landing_session,2026-08-01T09:00:00,August synthetic sessions
SYN-S2184,landing_session,2026-08-01T09:00:00,August synthetic sessions
SYN-S2185,landing_session,2026-08-01T09:00:00,August synthetic sessions
SYN-S2186,landing_session,2026-08-01T09:00:00,August synthetic sessions
SYN-S2187,landing_session,2026-08-01T09:00:00,August synthetic sessions
SYN-S2188,landing_session,2026-08-01T09:00:00,August synthetic sessions
SYN-S2189,landing_session,2026-08-01T09:00:00,August synthetic sessions
SYN-S2190,landing_session,2026-08-01T09:00:00,August synthetic sessions
SYN-S2191,landing_session,2026-08-01T09:00:00,August synthetic sessions
SYN-S2192,landing_session,2026-08-01T09:00:00,August synthetic sessions
SYN-S2193,landing_session,2026-08-01T09:00:00,August synthetic sessions
SYN-S2194,landing_session,2026-08-01T09:00:00,August synthetic sessions
SYN-S2195,landing_session,2026-08-01T09:00:00,August synthetic sessions
SYN-S2196,landing_session,2026-08-01T09:00:00,August synthetic sessions
SYN-S2197,landing_session,2026-08-01T09:00:00,August synthetic sessions
SYN-S2198,landing_session,2026-08-01T09:00:00,August synthetic sessions
SYN-S2199,landing_session,2026-08-01T09:00:00,August synthetic sessions
SYN-S2200,landing_session,2026-08-01T09:00:00,August synthetic sessions
SYN-S2201,landing_session,2026-08-01T09:00:00,August synthetic sessions
SYN-S2202,landing_session,2026-08-01T09:00:00,August synthetic sessions
SYN-S2203,landing_session,2026-08-01T09:00:00,August synthetic sessions
SYN-S2204,landing_session,2026-08-01T09:00:00,August synthetic sessions
SYN-S2205,landing_session,2026-08-01T09:00:00,August synthetic sessions
SYN-S2206,landing_session,2026-08-01T09:00:00,August synthetic sessions
SYN-S2207,landing_session,2026-08-01T09:00:00,August synthetic sessions
SYN-S2208,landing_session,2026-08-01T09:00:00,August synthetic sessions
SYN-S2209,landing_session,2026-08-01T09:00:00,August synthetic sessions
SYN-S2210,landing_session,2026-08-01T09:00:00,August synthetic sessions
SYN-S2211,landing_session,2026-08-01T09:00:00,August synthetic sessions
SYN-S2212,landing_session,2026-08-01T09:00:00,August synthetic sessions
SYN-S2213,landing_session,2026-08-01T09:00:00,August synthetic sessions
SYN-S2214,landing_session,2026-08-01T09:00:00,August synthetic sessions
SYN-S2215,landing_session,2026-08-01T09:00:00,August synthetic sessions
SYN-S2216,landing_session,2026-08-01T09:00:00,August synthetic sessions
SYN-S2217,landing_session,2026-08-01T09:00:00,August synthetic sessions
SYN-S2218,landing_session,2026-08-01T09:00:00,August synthetic sessions
SYN-S2219,landing_session,2026-08-01T09:00:00,August synthetic sessions
SYN-S2220,landing_session,2026-08-01T09:00:00,August synthetic sessions
SYN-S2221,landing_session,2026-08-01T09:00:00,August synthetic sessions
SYN-S2222,landing_session,2026-08-01T09:00:00,August synthetic sessions
SYN-S2223,landing_session,2026-08-01T09:00:00,August synthetic sessions
SYN-S2224,landing_session,2026-08-01T09:00:00,August synthetic sessions
SYN-S2225,landing_session,2026-08-01T09:00:00,August synthetic sessions
SYN-S2226,landing_session,2026-08-01T09:00:00,August synthetic sessions
SYN-S2227,landing_session,2026-08-01T09:00:00,August synthetic sessions
SYN-S2228,landing_session,2026-08-01T09:00:00,August synthetic sessions
SYN-S2229,landing_session,2026-08-01T09:00:00,August synthetic sessions
SYN-S2230,landing_session,2026-08-01T09:00:00,August synthetic sessions
SYN-S2231,landing_session,2026-08-01T09:00:00,August synthetic sessions
SYN-S2232,landing_session,2026-08-01T09:00:00,August synthetic sessions
SYN-S2233,landing_session,2026-08-01T09:00:00,August synthetic sessions
SYN-S2234,landing_session,2026-08-01T09:00:00,August synthetic sessions
SYN-S2235,landing_session,2026-08-01T09:00:00,August synthetic sessions
SYN-S2236,landing_session,2026-08-01T09:00:00,August synthetic sessions
SYN-S2237,landing_session,2026-08-01T09:00:00,August synthetic sessions
SYN-S2238,landing_session,2026-08-01T09:00:00,August synthetic sessions
SYN-S2239,landing_session,2026-08-01T09:00:00,August synthetic sessions
SYN-S2240,landing_session,2026-08-01T09:00:00,August synthetic sessions
SYN-S2241,landing_session,2026-08-01T09:00:00,August synthetic sessions
SYN-S2242,landing_session,2026-08-01T09:00:00,August synthetic sessions
SYN-S2243,landing_session,2026-08-01T09:00:00,August synthetic sessions
SYN-S2244,landing_session,2026-08-01T09:00:00,August synthetic sessions
SYN-S2245,landing_session,2026-08-01T09:00:00,August synthetic sessions
SYN-S2246,landing_session,2026-08-01T09:00:00,August synthetic sessions
SYN-S2247,landing_session,2026-08-01T09:00:00,August synthetic sessions
SYN-S2248,landing_session,2026-08-01T09:00:00,August synthetic sessions
SYN-S2249,landing_session,2026-08-01T09:00:00,August synthetic sessions
SYN-S2250,landing_session,2026-08-01T09:00:00,August synthetic sessions
SYN-S2251,landing_session,2026-08-01T09:00:00,August synthetic sessions
SYN-S2252,landing_session,2026-08-01T09:00:00,August synthetic sessions
SYN-S2253,landing_session,2026-08-01T09:00:00,August synthetic sessions
SYN-S2254,landing_session,2026-08-01T09:00:00,August synthetic sessions
SYN-S2255,landing_session,2026-08-01T09:00:00,August synthetic sessions
SYN-S2256,landing_session,2026-08-01T09:00:00,August synthetic sessions
SYN-S2257,landing_session,2026-08-01T09:00:00,August synthetic sessions
SYN-S2258,landing_session,2026-08-01T09:00:00,August synthetic sessions
SYN-S2259,landing_session,2026-08-01T09:00:00,August synthetic sessions
SYN-S2260,landing_session,2026-08-01T09:00:00,August synthetic sessions
SYN-S2261,landing_session,2026-08-01T09:00:00,August synthetic sessions
SYN-S2262,landing_session,2026-08-01T09:00:00,August synthetic sessions
SYN-S2263,landing_session,2026-08-01T09:00:00,August synthetic sessions
SYN-S2264,landing_session,2026-08-01T09:00:00,August synthetic sessions
SYN-S2265,landing_session,2026-08-01T09:00:00,August synthetic sessions
SYN-S2266,landing_session,2026-08-01T09:00:00,August synthetic sessions
SYN-S2267,landing_session,2026-08-01T09:00:00,August synthetic sessions
SYN-S2268,landing_session,2026-08-01T09:00:00,August synthetic sessions
SYN-S2269,landing_session,2026-08-01T09:00:00,August synthetic sessions
SYN-S2270,landing_session,2026-08-01T09:00:00,August synthetic sessions
SYN-S2271,landing_session,2026-08-01T09:00:00,August synthetic sessions
SYN-S2272,landing_session,2026-08-01T09:00:00,August synthetic sessions
SYN-S2273,landing_session,2026-08-01T09:00:00,August synthetic sessions
SYN-S2274,landing_session,2026-08-01T09:00:00,August synthetic sessions
SYN-S2275,landing_session,2026-08-01T09:00:00,August synthetic sessions
SYN-S2276,landing_session,2026-08-01T09:00:00,August synthetic sessions
SYN-S2277,landing_session,2026-08-01T09:00:00,August synthetic sessions
SYN-S2278,landing_session,2026-08-01T09:00:00,August synthetic sessions
SYN-S2279,landing_session,2026-08-01T09:00:00,August synthetic sessions
SYN-S2280,landing_session,2026-08-01T09:00:00,August synthetic sessions
SYN-S2281,landing_session,2026-08-01T09:00:00,August synthetic sessions
SYN-S2282,landing_session,2026-08-01T09:00:00,August synthetic sessions
SYN-S2283,landing_session,2026-08-01T09:00:00,August synthetic sessions
SYN-S2284,landing_session,2026-08-01T09:00:00,August synthetic sessions
SYN-S2285,landing_session,2026-08-01T09:00:00,August synthetic sessions
SYN-S2286,landing_session,2026-08-01T09:00:00,August synthetic sessions
SYN-S2287,landing_session,2026-08-01T09:00:00,August synthetic sessions
SYN-S2288,landing_session,2026-08-01T09:00:00,August synthetic sessions
SYN-S2289,landing_session,2026-08-01T09:00:00,August synthetic sessions
SYN-S2290,landing_session,2026-08-01T09:00:00,August synthetic sessions
SYN-S2291,landing_session,2026-08-01T09:00:00,August synthetic sessions
SYN-S2292,landing_session,2026-08-01T09:00:00,August synthetic sessions
SYN-S2293,landing_session,2026-08-01T09:00:00,August synthetic sessions
SYN-S2294,landing_session,2026-08-01T09:00:00,August synthetic sessions
SYN-S2295,landing_session,2026-08-01T09:00:00,August synthetic sessions
SYN-S2296,landing_session,2026-08-01T09:00:00,August synthetic sessions
SYN-S2297,landing_session,2026-08-01T09:00:00,August synthetic sessions
SYN-S2298,landing_session,2026-08-01T09:00:00,August synthetic sessions
SYN-S2299,landing_session,2026-08-01T09:00:00,August synthetic sessions
SYN-S2300,landing_session,2026-08-01T09:00:00,August synthetic sessions
SYN-S2301,landing_session,2026-08-01T09:00:00,August synthetic sessions
SYN-S2302,landing_session,2026-08-01T09:00:00,August synthetic sessions
SYN-S2303,landing_session,2026-08-01T09:00:00,August synthetic sessions
SYN-S2304,landing_session,2026-08-01T09:00:00,August synthetic sessions
SYN-S2305,landing_session,2026-08-01T09:00:00,August synthetic sessions
SYN-S2306,landing_session,2026-08-01T09:00:00,August synthetic sessions
SYN-S2307,landing_session,2026-08-01T09:00:00,August synthetic sessions
SYN-S2308,landing_session,2026-08-01T09:00:00,August synthetic sessions
SYN-S2309,landing_session,2026-08-01T09:00:00,August synthetic sessions
SYN-S2310,landing_session,2026-08-01T09:00:00,August synthetic sessions
SYN-S2311,landing_session,2026-08-01T09:00:00,August synthetic sessions
SYN-S2312,landing_session,2026-08-01T09:00:00,August synthetic sessions
SYN-S2313,landing_session,2026-08-01T09:00:00,August synthetic sessions
SYN-S2314,landing_session,2026-08-01T09:00:00,August synthetic sessions
SYN-S2315,landing_session,2026-08-01T09:00:00,August synthetic sessions
SYN-S2316,landing_session,2026-08-01T09:00:00,August synthetic sessions
SYN-S2317,landing_session,2026-08-01T09:00:00,August synthetic sessions
SYN-S2318,landing_session,2026-08-01T09:00:00,August synthetic sessions
SYN-S2319,landing_session,2026-08-01T09:00:00,August synthetic sessions
SYN-S2320,landing_session,2026-08-01T09:00:00,August synthetic sessions
SYN-S2321,landing_session,2026-08-01T09:00:00,August synthetic sessions
SYN-S2322,landing_session,2026-08-01T09:00:00,August synthetic sessions
SYN-S2323,landing_session,2026-08-01T09:00:00,August synthetic sessions
SYN-S2324,landing_session,2026-08-01T09:00:00,August synthetic sessions
SYN-S2325,landing_session,2026-08-01T09:00:00,August synthetic sessions
SYN-S2326,landing_session,2026-08-01T09:00:00,August synthetic sessions
SYN-S2327,landing_session,2026-08-01T09:00:00,August synthetic sessions
SYN-S2328,landing_session,2026-08-01T09:00:00,August synthetic sessions
SYN-S2329,landing_session,2026-08-01T09:00:00,August synthetic sessions
SYN-S2330,landing_session,2026-08-01T09:00:00,August synthetic sessions
SYN-S2331,landing_session,2026-08-01T09:00:00,August synthetic sessions
SYN-S2332,landing_session,2026-08-01T09:00:00,August synthetic sessions
SYN-S2333,landing_session,2026-08-01T09:00:00,August synthetic sessions
SYN-S2334,landing_session,2026-08-01T09:00:00,August synthetic sessions
SYN-S2335,landing_session,2026-08-01T09:00:00,August synthetic sessions
SYN-S2336,landing_session,2026-08-01T09:00:00,August synthetic sessions
SYN-S2337,landing_session,2026-08-01T09:00:00,August synthetic sessions
SYN-S2338,landing_session,2026-08-01T09:00:00,August synthetic sessions
SYN-S2339,landing_session,2026-08-01T09:00:00,August synthetic sessions
SYN-S2340,landing_session,2026-08-01T09:00:00,August synthetic sessions
SYN-S2341,landing_session,2026-08-01T09:00:00,August synthetic sessions
SYN-S2342,landing_session,2026-08-01T09:00:00,August synthetic sessions
SYN-S2343,landing_session,2026-08-01T09:00:00,August synthetic sessions
SYN-S2344,landing_session,2026-08-01T09:00:00,August synthetic sessions
SYN-S2345,landing_session,2026-08-01T09:00:00,August synthetic sessions
SYN-S2346,landing_session,2026-08-01T09:00:00,August synthetic sessions
SYN-S2347,landing_session,2026-08-01T09:00:00,August synthetic sessions
SYN-S2348,landing_session,2026-08-01T09:00:00,August synthetic sessions
SYN-S2349,landing_session,2026-08-01T09:00:00,August synthetic sessions
SYN-S2350,landing_session,2026-08-01T09:00:00,August synthetic sessions
SYN-S2351,landing_session,2026-08-01T09:00:00,August synthetic sessions
SYN-S2352,landing_session,2026-08-01T09:00:00,August synthetic sessions
SYN-S2353,landing_session,2026-08-01T09:00:00,August synthetic sessions
SYN-S2354,landing_session,2026-08-01T09:00:00,August synthetic sessions
SYN-S2355,landing_session,2026-08-01T09:00:00,August synthetic sessions
SYN-S2356,landing_session,2026-08-01T09:00:00,August synthetic sessions
SYN-S2357,landing_session,2026-08-01T09:00:00,August synthetic sessions
SYN-S2358,landing_session,2026-08-01T09:00:00,August synthetic sessions
SYN-S2359,landing_session,2026-08-01T09:00:00,August synthetic sessions
SYN-S2360,landing_session,2026-08-01T09:00:00,August synthetic sessions
SYN-S2361,landing_session,2026-08-01T09:00:00,August synthetic sessions
SYN-S2362,landing_session,2026-08-01T09:00:00,August synthetic sessions
SYN-S2363,landing_session,2026-08-01T09:00:00,August synthetic sessions
SYN-S2364,landing_session,2026-08-01T09:00:00,August synthetic sessions
SYN-S2365,landing_session,2026-08-01T09:00:00,August synthetic sessions
SYN-S2366,landing_session,2026-08-01T09:00:00,August synthetic sessions
SYN-S2367,landing_session,2026-08-01T09:00:00,August synthetic sessions
SYN-S2368,landing_session,2026-08-01T09:00:00,August synthetic sessions
SYN-S2369,landing_session,2026-08-01T09:00:00,August synthetic sessions
SYN-S2370,landing_session,2026-08-01T09:00:00,August synthetic sessions
SYN-S2371,landing_session,2026-08-01T09:00:00,August synthetic sessions
SYN-S2372,landing_session,2026-08-01T09:00:00,August synthetic sessions
SYN-S2373,landing_session,2026-08-01T09:00:00,August synthetic sessions
SYN-S2374,landing_session,2026-08-01T09:00:00,August synthetic sessions
SYN-S2375,landing_session,2026-08-01T09:00:00,August synthetic sessions
SYN-S2376,landing_session,2026-08-01T09:00:00,August synthetic sessions
SYN-S2377,landing_session,2026-08-01T09:00:00,August synthetic sessions
SYN-S2378,landing_session,2026-08-01T09:00:00,August synthetic sessions
SYN-S2379,landing_session,2026-08-01T09:00:00,August synthetic sessions
SYN-S2380,landing_session,2026-08-01T09:00:00,August synthetic sessions
SYN-S2381,landing_session,2026-08-01T09:00:00,August synthetic sessions
SYN-S2382,landing_session,2026-08-01T09:00:00,August synthetic sessions
SYN-S2383,landing_session,2026-08-01T09:00:00,August synthetic sessions
SYN-S2384,landing_session,2026-08-01T09:00:00,August synthetic sessions
SYN-S2385,landing_session,2026-08-01T09:00:00,August synthetic sessions
SYN-S2386,landing_session,2026-08-01T09:00:00,August synthetic sessions
SYN-S2387,landing_session,2026-08-01T09:00:00,August synthetic sessions
SYN-S2388,landing_session,2026-08-01T09:00:00,August synthetic sessions
SYN-S2389,landing_session,2026-08-01T09:00:00,August synthetic sessions
SYN-S2390,landing_session,2026-08-01T09:00:00,August synthetic sessions
SYN-S2391,landing_session,2026-08-01T09:00:00,August synthetic sessions
SYN-S2392,landing_session,2026-08-01T09:00:00,August synthetic sessions
SYN-S2393,landing_session,2026-08-01T09:00:00,August synthetic sessions
SYN-S2394,landing_session,2026-08-01T09:00:00,August synthetic sessions
SYN-S2395,landing_session,2026-08-01T09:00:00,August synthetic sessions
SYN-S2396,landing_session,2026-08-01T09:00:00,August synthetic sessions
SYN-S2397,landing_session,2026-08-01T09:00:00,August synthetic sessions
SYN-S2398,landing_session,2026-08-01T09:00:00,August synthetic sessions
SYN-S2399,landing_session,2026-08-01T09:00:00,August synthetic sessions
SYN-S2400,landing_session,2026-08-01T09:00:00,August synthetic sessions
SYN-S0001,enquiry,2026-08-01T09:01:00,August synthetic sessions
SYN-S0002,enquiry,2026-08-01T09:01:00,August synthetic sessions
SYN-S0003,enquiry,2026-08-01T09:01:00,August synthetic sessions
SYN-S0004,enquiry,2026-08-01T09:01:00,August synthetic sessions
SYN-S0005,enquiry,2026-08-01T09:01:00,August synthetic sessions
SYN-S0006,enquiry,2026-08-01T09:01:00,August synthetic sessions
SYN-S0007,enquiry,2026-08-01T09:01:00,August synthetic sessions
SYN-S0008,enquiry,2026-08-01T09:01:00,August synthetic sessions
SYN-S0009,enquiry,2026-08-01T09:01:00,August synthetic sessions
SYN-S0010,enquiry,2026-08-01T09:01:00,August synthetic sessions
SYN-S0011,enquiry,2026-08-01T09:01:00,August synthetic sessions
SYN-S0012,enquiry,2026-08-01T09:01:00,August synthetic sessions
SYN-S0013,enquiry,2026-08-01T09:01:00,August synthetic sessions
SYN-S0014,enquiry,2026-08-01T09:01:00,August synthetic sessions
SYN-S0015,enquiry,2026-08-01T09:01:00,August synthetic sessions
SYN-S0016,enquiry,2026-08-01T09:01:00,August synthetic sessions
SYN-S0017,enquiry,2026-08-01T09:01:00,August synthetic sessions
SYN-S0018,enquiry,2026-08-01T09:01:00,August synthetic sessions
SYN-S0019,enquiry,2026-08-01T09:01:00,August synthetic sessions
SYN-S0020,enquiry,2026-08-01T09:01:00,August synthetic sessions
SYN-S0021,enquiry,2026-08-01T09:01:00,August synthetic sessions
SYN-S0022,enquiry,2026-08-01T09:01:00,August synthetic sessions
SYN-S0023,enquiry,2026-08-01T09:01:00,August synthetic sessions
SYN-S0024,enquiry,2026-08-01T09:01:00,August synthetic sessions
SYN-S0025,enquiry,2026-08-01T09:01:00,August synthetic sessions
SYN-S0026,enquiry,2026-08-01T09:01:00,August synthetic sessions
SYN-S0027,enquiry,2026-08-01T09:01:00,August synthetic sessions
SYN-S0028,enquiry,2026-08-01T09:01:00,August synthetic sessions
SYN-S0029,enquiry,2026-08-01T09:01:00,August synthetic sessions
SYN-S0030,enquiry,2026-08-01T09:01:00,August synthetic sessions
SYN-S0031,enquiry,2026-08-01T09:01:00,August synthetic sessions
SYN-S0032,enquiry,2026-08-01T09:01:00,August synthetic sessions
SYN-S0033,enquiry,2026-08-01T09:01:00,August synthetic sessions
SYN-S0034,enquiry,2026-08-01T09:01:00,August synthetic sessions
SYN-S0035,enquiry,2026-08-01T09:01:00,August synthetic sessions
SYN-S0036,enquiry,2026-08-01T09:01:00,August synthetic sessions
SYN-S0037,enquiry,2026-08-01T09:01:00,August synthetic sessions
SYN-S0038,enquiry,2026-08-01T09:01:00,August synthetic sessions
SYN-S0039,enquiry,2026-08-01T09:01:00,August synthetic sessions
SYN-S0040,enquiry,2026-08-01T09:01:00,August synthetic sessions
SYN-S0041,enquiry,2026-08-01T09:01:00,August synthetic sessions
SYN-S0042,enquiry,2026-08-01T09:01:00,August synthetic sessions
SYN-S0043,enquiry,2026-08-01T09:01:00,August synthetic sessions
SYN-S0044,enquiry,2026-08-01T09:01:00,August synthetic sessions
SYN-S0045,enquiry,2026-08-01T09:01:00,August synthetic sessions
SYN-S0046,enquiry,2026-08-01T09:01:00,August synthetic sessions
SYN-S0047,enquiry,2026-08-01T09:01:00,August synthetic sessions
SYN-S0048,enquiry,2026-08-01T09:01:00,August synthetic sessions
SYN-S0049,enquiry,2026-08-01T09:01:00,August synthetic sessions
SYN-S0050,enquiry,2026-08-01T09:01:00,August synthetic sessions
SYN-S0051,enquiry,2026-08-01T09:01:00,August synthetic sessions
SYN-S0052,enquiry,2026-08-01T09:01:00,August synthetic sessions
SYN-S0053,enquiry,2026-08-01T09:01:00,August synthetic sessions
SYN-S0054,enquiry,2026-08-01T09:01:00,August synthetic sessions
SYN-S0055,enquiry,2026-08-01T09:01:00,August synthetic sessions
SYN-S0056,enquiry,2026-08-01T09:01:00,August synthetic sessions
SYN-S0057,enquiry,2026-08-01T09:01:00,August synthetic sessions
SYN-S0058,enquiry,2026-08-01T09:01:00,August synthetic sessions
SYN-S0059,enquiry,2026-08-01T09:01:00,August synthetic sessions
SYN-S0060,enquiry,2026-08-01T09:01:00,August synthetic sessions
SYN-S0061,enquiry,2026-08-01T09:01:00,August synthetic sessions
SYN-S0062,enquiry,2026-08-01T09:01:00,August synthetic sessions
SYN-S0063,enquiry,2026-08-01T09:01:00,August synthetic sessions
SYN-S0064,enquiry,2026-08-01T09:01:00,August synthetic sessions
SYN-S0065,enquiry,2026-08-01T09:01:00,August synthetic sessions
SYN-S0066,enquiry,2026-08-01T09:01:00,August synthetic sessions
SYN-S0067,enquiry,2026-08-01T09:01:00,August synthetic sessions
SYN-S0068,enquiry,2026-08-01T09:01:00,August synthetic sessions
SYN-S0069,enquiry,2026-08-01T09:01:00,August synthetic sessions
SYN-S0070,enquiry,2026-08-01T09:01:00,August synthetic sessions
SYN-S0071,enquiry,2026-08-01T09:01:00,August synthetic sessions
SYN-S0072,enquiry,2026-08-01T09:01:00,August synthetic sessions
SYN-S0073,enquiry,2026-08-01T09:01:00,August synthetic sessions
SYN-S0074,enquiry,2026-08-01T09:01:00,August synthetic sessions
SYN-S0075,enquiry,2026-08-01T09:01:00,August synthetic sessions
SYN-S0076,enquiry,2026-08-01T09:01:00,August synthetic sessions
SYN-S0077,enquiry,2026-08-01T09:01:00,August synthetic sessions
SYN-S0078,enquiry,2026-08-01T09:01:00,August synthetic sessions
SYN-S0079,enquiry,2026-08-01T09:01:00,August synthetic sessions
SYN-S0080,enquiry,2026-08-01T09:01:00,August synthetic sessions
SYN-S0081,enquiry,2026-08-01T09:01:00,August synthetic sessions
SYN-S0082,enquiry,2026-08-01T09:01:00,August synthetic sessions
SYN-S0083,enquiry,2026-08-01T09:01:00,August synthetic sessions
SYN-S0084,enquiry,2026-08-01T09:01:00,August synthetic sessions
SYN-S0085,enquiry,2026-08-01T09:01:00,August synthetic sessions
SYN-S0086,enquiry,2026-08-01T09:01:00,August synthetic sessions
SYN-S0087,enquiry,2026-08-01T09:01:00,August synthetic sessions
SYN-S0088,enquiry,2026-08-01T09:01:00,August synthetic sessions
SYN-S0089,enquiry,2026-08-01T09:01:00,August synthetic sessions
SYN-S0090,enquiry,2026-08-01T09:01:00,August synthetic sessions
SYN-S0091,enquiry,2026-08-01T09:01:00,August synthetic sessions
SYN-S0092,enquiry,2026-08-01T09:01:00,August synthetic sessions
SYN-S0093,enquiry,2026-08-01T09:01:00,August synthetic sessions
SYN-S0094,enquiry,2026-08-01T09:01:00,August synthetic sessions
SYN-S0095,enquiry,2026-08-01T09:01:00,August synthetic sessions
SYN-S0096,enquiry,2026-08-01T09:01:00,August synthetic sessions
SYN-S0001,qualified_lead,2026-08-01T09:02:00,August synthetic sessions
SYN-S0002,qualified_lead,2026-08-01T09:02:00,August synthetic sessions
SYN-S0003,qualified_lead,2026-08-01T09:02:00,August synthetic sessions
SYN-S0004,qualified_lead,2026-08-01T09:02:00,August synthetic sessions
SYN-S0005,qualified_lead,2026-08-01T09:02:00,August synthetic sessions
SYN-S0006,qualified_lead,2026-08-01T09:02:00,August synthetic sessions
SYN-S0007,qualified_lead,2026-08-01T09:02:00,August synthetic sessions
SYN-S0008,qualified_lead,2026-08-01T09:02:00,August synthetic sessions
SYN-S0009,qualified_lead,2026-08-01T09:02:00,August synthetic sessions
SYN-S0010,qualified_lead,2026-08-01T09:02:00,August synthetic sessions
SYN-S0011,qualified_lead,2026-08-01T09:02:00,August synthetic sessions
SYN-S0012,qualified_lead,2026-08-01T09:02:00,August synthetic sessions
SYN-S0013,qualified_lead,2026-08-01T09:02:00,August synthetic sessions
SYN-S0014,qualified_lead,2026-08-01T09:02:00,August synthetic sessions
SYN-S0015,qualified_lead,2026-08-01T09:02:00,August synthetic sessions
SYN-S0016,qualified_lead,2026-08-01T09:02:00,August synthetic sessions
SYN-S0017,qualified_lead,2026-08-01T09:02:00,August synthetic sessions
SYN-S0018,qualified_lead,2026-08-01T09:02:00,August synthetic sessions
SYN-S0019,qualified_lead,2026-08-01T09:02:00,August synthetic sessions
SYN-S0020,qualified_lead,2026-08-01T09:02:00,August synthetic sessions
SYN-S0021,qualified_lead,2026-08-01T09:02:00,August synthetic sessions
SYN-S0022,qualified_lead,2026-08-01T09:02:00,August synthetic sessions
SYN-S0023,qualified_lead,2026-08-01T09:02:00,August synthetic sessions
SYN-S0024,qualified_lead,2026-08-01T09:02:00,August synthetic sessions
SYN-S0025,qualified_lead,2026-08-01T09:02:00,August synthetic sessions
SYN-S0026,qualified_lead,2026-08-01T09:02:00,August synthetic sessions
SYN-S0027,qualified_lead,2026-08-01T09:02:00,August synthetic sessions
SYN-S0028,qualified_lead,2026-08-01T09:02:00,August synthetic sessions
SYN-S0029,qualified_lead,2026-08-01T09:02:00,August synthetic sessions
SYN-S0030,qualified_lead,2026-08-01T09:02:00,August synthetic sessions
SYN-S0031,qualified_lead,2026-08-01T09:02:00,August synthetic sessions
SYN-S0032,qualified_lead,2026-08-01T09:02:00,August synthetic sessions
SYN-S0033,qualified_lead,2026-08-01T09:02:00,August synthetic sessions
SYN-S0034,qualified_lead,2026-08-01T09:02:00,August synthetic sessions
SYN-S0035,qualified_lead,2026-08-01T09:02:00,August synthetic sessions
SYN-S0036,qualified_lead,2026-08-01T09:02:00,August synthetic sessions
SYN-S0037,qualified_lead,2026-08-01T09:02:00,August synthetic sessions
SYN-S0038,qualified_lead,2026-08-01T09:02:00,August synthetic sessions
SYN-S0039,qualified_lead,2026-08-01T09:02:00,August synthetic sessions
SYN-S0040,qualified_lead,2026-08-01T09:02:00,August synthetic sessions
SYN-S0041,qualified_lead,2026-08-01T09:02:00,August synthetic sessions
SYN-S0042,qualified_lead,2026-08-01T09:02:00,August synthetic sessions
SYN-S0043,qualified_lead,2026-08-01T09:02:00,August synthetic sessions
SYN-S0044,qualified_lead,2026-08-01T09:02:00,August synthetic sessions
SYN-S0045,qualified_lead,2026-08-01T09:02:00,August synthetic sessions
SYN-S0046,qualified_lead,2026-08-01T09:02:00,August synthetic sessions
SYN-S0047,qualified_lead,2026-08-01T09:02:00,August synthetic sessions
SYN-S0048,qualified_lead,2026-08-01T09:02:00,August synthetic sessions
SYN-S0001,enrolment,2026-08-01T09:03:00,August synthetic sessions
SYN-S0002,enrolment,2026-08-01T09:03:00,August synthetic sessions
SYN-S0003,enrolment,2026-08-01T09:03:00,August synthetic sessions
SYN-S0004,enrolment,2026-08-01T09:03:00,August synthetic sessions
SYN-S0005,enrolment,2026-08-01T09:03:00,August synthetic sessions
SYN-S0006,enrolment,2026-08-01T09:03:00,August synthetic sessions
SYN-S0007,enrolment,2026-08-01T09:03:00,August synthetic sessions
SYN-S0008,enrolment,2026-08-01T09:03:00,August synthetic sessions
SYN-S0009,enrolment,2026-08-01T09:03:00,August synthetic sessions
SYN-S0010,enrolment,2026-08-01T09:03:00,August synthetic sessions
SYN-S0011,enrolment,2026-08-01T09:03:00,August synthetic sessions
SYN-S0012,enrolment,2026-08-01T09:03:00,August synthetic sessions
